artist_name;title;release;year;artist_familiarity;artist_hotttnesss;artist_latitude;artist_longitude;duration;end_of_fade_in;key;key_confidence;loudness;mode;mode_confidence;song_hotttnesss;start_of_fade_out;tempo;time_signature;time_signature_confidence
Blue Rodeo;Floating;Outskirts;1987;0.63642364495006976;0.44793548047950221;43.648560000000003;-79.385329999999996;491.12770999999998;0.0;7;1.0;-8.5760000000000005;1;0.82899999999999996;0.40511572169138649;486.03399999999999;119.82599999999999;4;0.75600000000000001
Scarlet's Remains;Spin;The Palest Grey;2007;0.52786507615868183;0.39312193357100678;34.053489999999996;-118.24532000000001;198.73913999999999;0.0;7;0.67300000000000004;-7.4690000000000003;1;0.57899999999999996;0.45099231163625503;193.01599999999999;115.06100000000001;4;0.73099999999999998
Eliane Elias;The More I See You;Bossa Nova Stories;2009;0.66972618756614455;0.42791424698295477;-23.56287;-46.65466;251.42812000000001;0.070999999999999994;7;0.39100000000000001;-12009;1;0.31900000000000001;0.43483809026085618;237.59800000000001;86.090999999999994;5;0.55100000000000005
Kings Of Leon;Wicker Chair;Holy Roller Novocaine;2003;0.84576886644854377;0.78880593516201425;36.16778;-86.778360000000006;187.92444;0.32800000000000001;0;0.61199999999999999;-5907;1;0.73499999999999999;0.68594022669768517;180.34399999999999;116.82299999999999;4;0.34699999999999998
Heavy D / McGruff;Wanna Be A Player;Waterbed Hev;1997;0.61787011634434974;0.36366811024462387;18.115259999999999;-77.273480000000006;161.38404;0.16500000000000001;5;0.66500000000000004;-9.1609999999999996;0;0.60599999999999998;0.23773394162247466;161.38399999999999;96.978999999999999;4;0.89500000000000002
T.G. Sheppard;You Feel Good All Over;The Very Best Of;2002;0.44932361520766173;0.34328188178708335;35.822130000000001;-88.915989999999994;194.11546000000001;0.088999999999999996;5;1.0;-15581;1;0.88600000000000001;0.38272328078919771;182.72900000000001;82.343000000000004;1;0.38700000000000001
Inspiral Carpets;Commercial Reign;The Singles;1990;0.60510970191485802;0.39854753538058046;53.479599999999998;-2.2488100000000002;283.76771000000002;0.0;2;0.82299999999999995;-8.6999999999999993;1;0.68999999999999995;0.66517224076219728;271.82999999999998;113.67700000000001;4;1.0
Maxi Priest;Groovin' In The Midnight;Best Of Maxi Priest;1991;0.66100133710114539;0.44689072654931333;54.313920000000003;-2.2321800000000001;301.81832000000003;2.5659999999999998;10;0.68300000000000005;-8.0950000000000006;0;0.54900000000000004;0.34580223396532944;289.33199999999999;61.970999999999997;1;0.39700000000000002
Suzanne Ciani;Mozart;Pianissimo;1989;0.63194666599836713;0.38070453582445729;37.779159999999997;-122.42005;192.20853;0.35699999999999998;2;0.52300000000000002;-23988;1;0.53700000000000003;0.6085000789194116;183.22900000000001;139.18899999999999;3;0.41799999999999998
Gary Moore;What Are We Here For;Dark Days In Paradise;1997;0.76136223844586182;0.46711064858454943;54.595799999999997;-5.9349400000000001;345.93914000000001;0.41599999999999998;2;0.040000000000000001;-6.9509999999999996;1;0.14799999999999999;0.44713579628617778;339.75400000000002;153.86199999999999;4;0.40400000000000003
Byther Smith;I Wish My Mother Was Here;Addressing The Nation With The Blues;1989;0.46519473334248795;0.3622840901263234;31.553789999999999;-90.107849999999999;418.87302;0.26400000000000001;1;0.82599999999999996;-11702;1;0.91200000000000003;0.43735176138727572;411.48099999999999;117.16800000000001;3;1.0
James Horner;Atmosphere Station;Aliens - The Deluxe Edition;1986;0.67951920779280617;0.49182870435313802;34.053489999999996;-118.24532000000001;191.81668999999999;3.1459999999999999;9;0.13700000000000001;-38.524999999999999;1;0.39900000000000002;0.54523029389836131;179.86799999999999;90.084000000000003;1;0.34200000000000003
Rah Digga (Featuring Outsidaz);The Last Word (Amended Version);Dirty Harriet;2000;0.58323160458786716;0.41144814277843267;40.143230000000003;-74.726709999999997;256.80934000000002;0.0;7;0.63800000000000001;-7.3070000000000004;1;0.68400000000000005;0.40511572169138649;242.94999999999999;201.80199999999999;3;0.89600000000000002
Blue Rodeo;Floating;Outskirts;1987;0.63642364495006976;0.44793548047950221;43.648560000000003;-79.385329999999996;491.12770999999998;0.0;7;1.0;-8.5760000000000005;1;0.82899999999999996;0.40511572169138649;486.03399999999999;119.82599999999999;4;0.75600000000000001
Scarlet's Remains;Spin;The Palest Grey;2007;0.52786507615868183;0.39312193357100678;34.053489999999996;-118.24532000000001;198.73913999999999;0.0;7;0.67300000000000004;-7.4690000000000003;1;0.57899999999999996;0.45099231163625503;193.01599999999999;115.06100000000001;4;0.73099999999999998
Eliane Elias;The More I See You;Bossa Nova Stories;2009;0.66972618756614455;0.42791424698295477;-23.56287;-46.65466;251.42812000000001;0.070999999999999994;7;0.39100000000000001;-12009;1;0.31900000000000001;0.43483809026085618;237.59800000000001;86.090999999999994;5;0.55100000000000005
Kings Of Leon;Wicker Chair;Holy Roller Novocaine;2003;0.84576886644854377;0.78880593516201425;36.16778;-86.778360000000006;187.92444;0.32800000000000001;0;0.61199999999999999;-5907;1;0.73499999999999999;0.68594022669768517;180.34399999999999;116.82299999999999;4;0.34699999999999998
Heavy D / McGruff;Wanna Be A Player;Waterbed Hev;1997;0.61787011634434974;0.36366811024462387;18.115259999999999;-77.273480000000006;161.38404;0.16500000000000001;5;0.66500000000000004;-9.1609999999999996;0;0.60599999999999998;0.23773394162247466;161.38399999999999;96.978999999999999;4;0.89500000000000002
T.G. Sheppard;You Feel Good All Over;The Very Best Of;2002;0.44932361520766173;0.34328188178708335;35.822130000000001;-88.915989999999994;194.11546000000001;0.088999999999999996;5;1.0;-15581;1;0.88600000000000001;0.38272328078919771;182.72900000000001;82.343000000000004;1;0.38700000000000001
Inspiral Carpets;Commercial Reign;The Singles;1990;0.60510970191485802;0.39854753538058046;53.479599999999998;-2.2488100000000002;283.76771000000002;0.0;2;0.82299999999999995;-8.6999999999999993;1;0.68999999999999995;0.66517224076219728;271.82999999999998;113.67700000000001;4;1.0
Maxi Priest;Groovin' In The Midnight;Best Of Maxi Priest;1991;0.66100133710114539;0.44689072654931333;54.313920000000003;-2.2321800000000001;301.81832000000003;2.5659999999999998;10;0.68300000000000005;-8.0950000000000006;0;0.54900000000000004;0.34580223396532944;289.33199999999999;61.970999999999997;1;0.39700000000000002
Suzanne Ciani;Mozart;Pianissimo;1989;0.63194666599836713;0.38070453582445729;37.779159999999997;-122.42005;192.20853;0.35699999999999998;2;0.52300000000000002;-23988;1;0.53700000000000003;0.6085000789194116;183.22900000000001;139.18899999999999;3;0.41799999999999998
Gary Moore;What Are We Here For;Dark Days In Paradise;1997;0.76136223844586182;0.46711064858454943;54.595799999999997;-5.9349400000000001;345.93914000000001;0.41599999999999998;2;0.040000000000000001;-6.9509999999999996;1;0.14799999999999999;0.44713579628617778;339.75400000000002;153.86199999999999;4;0.40400000000000003
Byther Smith;I Wish My Mother Was Here;Addressing The Nation With The Blues;1989;0.46519473334248795;0.3622840901263234;31.553789999999999;-90.107849999999999;418.87302;0.26400000000000001;1;0.82599999999999996;-11702;1;0.91200000000000003;0.43735176138727572;411.48099999999999;117.16800000000001;3;1.0
James Horner;Atmosphere Station;Aliens - The Deluxe Edition;1986;0.67951920779280617;0.49182870435313802;34.053489999999996;-118.24532000000001;191.81668999999999;3.1459999999999999;9;0.13700000000000001;-38.524999999999999;1;0.39900000000000002;0.54523029389836131;179.86799999999999;90.084000000000003;1;0.34200000000000003
Rah Digga (Featuring Outsidaz);The Last Word (Amended Version);Dirty Harriet;2000;0.58323160458786716;0.41144814277843267;40.143230000000003;-74.726709999999997;256.80934000000002;0.0;7;0.63800000000000001;-7.3070000000000004;1;0.68400000000000005;0.40511572169138649;242.94999999999999;201.80199999999999;3;0.89600000000000002
Debbie Davies;Little Sister;Round Every Corner;1998;0.52883569789718798;0.3431334973952383;34.053489999999996;-118.24532000000001;225.67138;0.39200000000000002;7;0.035999999999999997;-6.9080000000000004;1;0.56999999999999995;0.26586104921065007;219.87;116.98399999999999;4;0.67200000000000004
Marcus Miller;Let Me Show You [I Just Want To Make You Smile];Suddenly;1983;0.69541651904189394;0.41211049520526744;40.655070000000002;-73.948880000000003;280.13668999999999;0.14799999999999999;0;1.0;-13.077999999999999;1;0.63200000000000001;0.50338123620631914;270.50099999999998;125.14700000000001;4;0.89800000000000002
Public Image Ltd;Ease;Compact Disc;1985;0.68499489658065571;0.41551708285972627;51.506320000000002;-0.12714;492.30322000000001;5.2539999999999996;9;0.67400000000000004;-12.090999999999999;1;0.61199999999999999;0.6392484891503506;480.40300000000002;193.56;4;0.35699999999999998
Helen Love;So Hot;Radio Hits;1994;0.58188435889129331;0.34700692093040558;51.481259999999999;-3.1806700000000001;81.971789999999999;0.20000000000000001;2;0.0070000000000000001;-6.7460000000000004;0;0.28899999999999998;0.29987748827397781;76.167000000000002;100.76000000000001;4;0.90500000000000003
The Pharcyde / Big Boy / Schmooche Cat / Randy Mack;The Hustle;Labcabincalifornia;1995;0.75606387084289095;0.49146888163749591;34.053489999999996;-118.24532000000001;334.78485000000001;0.23599999999999999;1;0.60099999999999998;-9.6359999999999992;1;0.39500000000000002;0.57865818775697131;322.55399999999997;95.816000000000003;4;1.0
Scar Symmetry;The Illusionist;Nuclear Blast Showdown 2006;2006;0.71838134238330875;0.45582597880304432;62.198450000000001;17.55142;271.54239999999999;0.11899999999999999;6;0.050999999999999997;-3536;0;0.61199999999999999;0.71632127123898603;267.63299999999998;150.08600000000001;4;0.89400000000000002
Eighteen Visions;Our Darkest Days;Eighteen Visions;2006;0.75236597409803285;0.44010799685850893;33.667099999999998;-117.76505;172.19873000000001;0.41499999999999998;6;0.27400000000000002;-4806;1;0.46600000000000003;0.66036970577150955;170.15600000000001;131.07900000000001;4;0.66400000000000003
Precious Bryant;Dark Angel;The Truth;2005;0.46299609437200084;0.32939194916225606;35.219619999999999;-80.019549999999995;193.72363000000001;0.76300000000000001;4;0.48899999999999999;-9.1310000000000002;1;0.48699999999999999;0.24152448241652583;185.70699999999999;91.537999999999997;4;1.0
Black Flag;Crass Commercialism;Everything Went Black;1982;0.73120804716564003;0.54750677531787484;34.053489999999996;-118.24532000000001;1030.19057;189;0;0.58699999999999997;-18.91;1;0.65500000000000003;0.49944583480063209;1027.4829999999999;70.649000000000001;5;0.98999999999999999
Mary Black;Turning Away;Best of 1991-2001 Hidden Harvest;1999;0.59711336283137506;0.37655698104593144;53.419609999999999;-8.2405500000000007;293.92934000000002;0.21199999999999999;5;0.080000000000000002;-9.4640000000000004;0;0.32200000000000001;0.5114243256864599;276.58999999999997;163.56700000000001;4;0.56399999999999995
Turisas;Sahti Waari;Battle Metal;2004;0.66418205798921548;0.50284877921584503;64.950140000000005;26.06739;146.59872999999999;0.0;0;0.14599999999999999;-7.2489999999999997;1;0.28399999999999997;0.6538155609750993;143.13900000000001;160.00899999999999;4;0.48499999999999999
Robben Ford;Something For The Pain;Blue Moon;2002;0.60482043191820223;0.38387749363356682;39.150930000000002;-123.2079;298.37016;255;9;0.67800000000000005;-6.3109999999999999;0;0.49399999999999999;0.50338123620631914;281.14100000000002;111.90300000000001;4;1.0
Debbie Davies;Little Sister;Round Every Corner;1998;0.52883569789718798;0.3431334973952383;34.053489999999996;-118.24532000000001;225.67138;0.39200000000000002;7;0.035999999999999997;-6.9080000000000004;1;0.56999999999999995;0.26586104921065007;219.87;116.98399999999999;4;0.67200000000000004
Marcus Miller;Let Me Show You [I Just Want To Make You Smile];Suddenly;1983;0.69541651904189394;0.41211049520526744;40.655070000000002;-73.948880000000003;280.13668999999999;0.14799999999999999;0;1.0;-13.077999999999999;1;0.63200000000000001;0.50338123620631914;270.50099999999998;125.14700000000001;4;0.89800000000000002
Public Image Ltd;Ease;Compact Disc;1985;0.68499489658065571;0.41551708285972627;51.506320000000002;-0.12714;492.30322000000001;5.2539999999999996;9;0.67400000000000004;-12.090999999999999;1;0.61199999999999999;0.6392484891503506;480.40300000000002;193.56;4;0.35699999999999998
Helen Love;So Hot;Radio Hits;1994;0.58188435889129331;0.34700692093040558;51.481259999999999;-3.1806700000000001;81.971789999999999;0.20000000000000001;2;0.0070000000000000001;-6.7460000000000004;0;0.28899999999999998;0.29987748827397781;76.167000000000002;100.76000000000001;4;0.90500000000000003
The Pharcyde / Big Boy / Schmooche Cat / Randy Mack;The Hustle;Labcabincalifornia;1995;0.75606387084289095;0.49146888163749591;34.053489999999996;-118.24532000000001;334.78485000000001;0.23599999999999999;1;0.60099999999999998;-9.6359999999999992;1;0.39500000000000002;0.57865818775697131;322.55399999999997;95.816000000000003;4;1.0
Scar Symmetry;The Illusionist;Nuclear Blast Showdown 2006;2006;0.71838134238330875;0.45582597880304432;62.198450000000001;17.55142;271.54239999999999;0.11899999999999999;6;0.050999999999999997;-3536;0;0.61199999999999999;0.71632127123898603;267.63299999999998;150.08600000000001;4;0.89400000000000002
Eighteen Visions;Our Darkest Days;Eighteen Visions;2006;0.75236597409803285;0.44010799685850893;33.667099999999998;-117.76505;172.19873000000001;0.41499999999999998;6;0.27400000000000002;-4806;1;0.46600000000000003;0.66036970577150955;170.15600000000001;131.07900000000001;4;0.66400000000000003
Precious Bryant;Dark Angel;The Truth;2005;0.46299609437200084;0.32939194916225606;35.219619999999999;-80.019549999999995;193.72363000000001;0.76300000000000001;4;0.48899999999999999;-9.1310000000000002;1;0.48699999999999999;0.24152448241652583;185.70699999999999;91.537999999999997;4;1.0
Black Flag;Crass Commercialism;Everything Went Black;1982;0.73120804716564003;0.54750677531787484;34.053489999999996;-118.24532000000001;1030.19057;189;0;0.58699999999999997;-18.91;1;0.65500000000000003;0.49944583480063209;1027.4829999999999;70.649000000000001;5;0.98999999999999999
Mary Black;Turning Away;Best of 1991-2001 Hidden Harvest;1999;0.59711336283137506;0.37655698104593144;53.419609999999999;-8.2405500000000007;293.92934000000002;0.21199999999999999;5;0.080000000000000002;-9.4640000000000004;0;0.32200000000000001;0.5114243256864599;276.58999999999997;163.56700000000001;4;0.56399999999999995
Turisas;Sahti Waari;Battle Metal;2004;0.66418205798921548;0.50284877921584503;64.950140000000005;26.06739;146.59872999999999;0.0;0;0.14599999999999999;-7.2489999999999997;1;0.28399999999999997;0.6538155609750993;143.13900000000001;160.00899999999999;4;0.48499999999999999
Robben Ford;Something For The Pain;Blue Moon;2002;0.60482043191820223;0.38387749363356682;39.150930000000002;-123.2079;298.37016;255;9;0.67800000000000005;-6.3109999999999999;0;0.49399999999999999;0.50338123620631914;281.14100000000002;111.90300000000001;4;1.0
Outerspace;Drive By Music;Blood Brothers;2006;0.61193395641307069;0.37235086959736358;39.952269999999999;-75.162369999999996;200.90729999999999;0.35999999999999999;10;0.47599999999999998;-4.9820000000000002;0;0.47399999999999998;0.44082644049887931;194.17099999999999;181.88900000000001;4;0.57699999999999996
Outerspace;Drive By Music;Blood Brothers;2006;0.61193395641307069;0.37235086959736358;39.952269999999999;-75.162369999999996;200.90729999999999;0.35999999999999999;10;0.47599999999999998;-4.9820000000000002;0;0.47399999999999998;0.44082644049887931;194.17099999999999;181.88900000000001;4;0.57699999999999996
Cancer Bats;Sabotage;Sabotage;2010;0.6898005928001073;0.53384272704885549;43.648560000000003;-79.385329999999996;180.71465000000001;0.0;6;0.17000000000000001;-4.8339999999999996;0;0.52800000000000002;0.72626740102921594;166.34200000000001;86.010000000000005;4;0.82399999999999995
Bersuit Vergarabat;Bolero Militar;Don Leopardo;1996;0.61550410264155575;0.43983635888759404;-34.608519999999999;-58.373539999999998;208.56118000000001;6.4779999999999998;5;0.32300000000000001;-7.8769999999999998;1;0.38200000000000001;0.30416950343527516;208.56100000000001;121.91;4;0.63100000000000001
Suicidal Tendencies;Human Guinea Pig;Join The Army;1987;0.73667741334063197;0.52618255634684785;34.053489999999996;-118.24532000000001;125.90975;0.30199999999999999;11;0.76800000000000002;-9.9600000000000009;0;0.68100000000000005;0.57865818775697131;120.79600000000001;186.15899999999999;4;0.27800000000000002
Open Hand;The Ambush;You And Me;2004;0.61488758821718859;0.3778282154455152;42.312559999999998;-71.088679999999997;136.98567;0.0;6;0.49299999999999999;-5.6539999999999999;0;0.52300000000000002;0.61890441818494146;130.52500000000001;154.21100000000001;3;0.85799999999999998
Charlie Rich;Nice 'N' Easy;Feel Like Going Home: The Essential Charlie Rich;1997;0.58280469379056243;0.44866907394031896;34.563980000000001;-92.586849999999998;184.65914000000001;1.3149999999999999;0;0.19400000000000001;-11.537000000000001;1;0.40600000000000003;0.21204540548371908;170.23699999999999;119.96299999999999;1;0.22800000000000001
Bad Religion;Doing Time (Album Version);How Could Hell Be Any Worse?;1982;0.85867744184830397;0.61821915941185801;34.053489999999996;-118.24532000000001;180.81914;0.0;9;0.49199999999999999;-5.0979999999999999;0;0.44900000000000001;0.59264120334676174;171.47900000000001;121.80500000000001;4;0.70399999999999996
Mat Kearney;Never Be Ready;City Of Black & White;2009;0.77479891872597118;0.543958210589227;36.16778;-86.778360000000006;215.74485000000001;154;11;0.56299999999999994;-6.8099999999999996;1;0.58899999999999997;0.6428595886074584;208.13200000000001;151.93600000000001;4;0.32500000000000001
The Shamen;Heal (The Separation) [H.E.L.P Breakbeat];Heal (The Separation);1996;0.60588047106563059;0.3936608679237098;57.153820000000003;-2.1067900000000002;247.53586999999999;0.39800000000000002;5;0.81100000000000005;-8.0690000000000008;1;0.65200000000000002;0.26586104921065007;235.29400000000001;110.04000000000001;4;0.42199999999999999
Cancer Bats;Sabotage;Sabotage;2010;0.6898005928001073;0.53384272704885549;43.648560000000003;-79.385329999999996;180.71465000000001;0.0;6;0.17000000000000001;-4.8339999999999996;0;0.52800000000000002;0.72626740102921594;166.34200000000001;86.010000000000005;4;0.82399999999999995
Bersuit Vergarabat;Bolero Militar;Don Leopardo;1996;0.61550410264155575;0.43983635888759404;-34.608519999999999;-58.373539999999998;208.56118000000001;6.4779999999999998;5;0.32300000000000001;-7.8769999999999998;1;0.38200000000000001;0.30416950343527516;208.56100000000001;121.91;4;0.63100000000000001
Suicidal Tendencies;Human Guinea Pig;Join The Army;1987;0.73667741334063197;0.52618255634684785;34.053489999999996;-118.24532000000001;125.90975;0.30199999999999999;11;0.76800000000000002;-9.9600000000000009;0;0.68100000000000005;0.57865818775697131;120.79600000000001;186.15899999999999;4;0.27800000000000002
Open Hand;The Ambush;You And Me;2004;0.61488758821718859;0.3778282154455152;42.312559999999998;-71.088679999999997;136.98567;0.0;6;0.49299999999999999;-5.6539999999999999;0;0.52300000000000002;0.61890441818494146;130.52500000000001;154.21100000000001;3;0.85799999999999998
Charlie Rich;Nice 'N' Easy;Feel Like Going Home: The Essential Charlie Rich;1997;0.58280469379056243;0.44866907394031896;34.563980000000001;-92.586849999999998;184.65914000000001;1.3149999999999999;0;0.19400000000000001;-11.537000000000001;1;0.40600000000000003;0.21204540548371908;170.23699999999999;119.96299999999999;1;0.22800000000000001
Bad Religion;Doing Time (Album Version);How Could Hell Be Any Worse?;1982;0.85867744184830397;0.61821915941185801;34.053489999999996;-118.24532000000001;180.81914;0.0;9;0.49199999999999999;-5.0979999999999999;0;0.44900000000000001;0.59264120334676174;171.47900000000001;121.80500000000001;4;0.70399999999999996
Mat Kearney;Never Be Ready;City Of Black & White;2009;0.77479891872597118;0.543958210589227;36.16778;-86.778360000000006;215.74485000000001;154;11;0.56299999999999994;-6.8099999999999996;1;0.58899999999999997;0.6428595886074584;208.13200000000001;151.93600000000001;4;0.32500000000000001
The Shamen;Heal (The Separation) [H.E.L.P Breakbeat];Heal (The Separation);1996;0.60588047106563059;0.3936608679237098;57.153820000000003;-2.1067900000000002;247.53586999999999;0.39800000000000002;5;0.81100000000000005;-8.0690000000000008;1;0.65200000000000002;0.26586104921065007;235.29400000000001;110.04000000000001;4;0.42199999999999999
Del Tha Funkee Homosapien;Mistadobalina;The Best Of Del Tha Funkee Homosapien [The Elektra Years]: The B-Boy Handbook;1991;0.73266031201760984;0.45843946823883241;37.805059999999997;-122.27302;257.69751000000002;0.30499999999999999;2;0.017000000000000001;-9.4949999999999992;1;0.35499999999999998;0.75897379427644729;244.84899999999999;99.566000000000003;4;0.88200000000000001
MC5;Miss X (LP Version);High Time;1971;0.65486082234304266;0.4514660603634324;42.251469999999998;-83.18186;307.72199999999998;0.13;0;0.35299999999999998;-8.3919999999999995;1;0.44;0.67569680728980508;298.96899999999999;75.706000000000003;4;0.68899999999999995
Arturo Sandoval;My Funny Valentine;Trumpet Evolution;2003;0.56146464641109217;0.42352758480916702;22.817509999999999;-82.760300000000001;266.60525999999999;4.7949999999999999;0;0.39700000000000002;-14818;0;0.61799999999999999;0.4719711717935417;258.67000000000002;61.018000000000001;1;0.27300000000000002
Maurane;Juste Une Petite Fille;Differente;1995;0.58048134794178996;0.41261081923196263;50.82056;4.37967;263.67955000000001;0.67000000000000004;10;0.16;-15.406000000000001;0;0.42099999999999999;0.3231121208952123;257.10899999999998;89.394000000000005;4;0.88700000000000001
Los Fabulosos Cadillacs;El Mensaje Soy Yo;El Satánico Dr. Cadillac;1989;0.77403714216149211;0.5217266477912379;-34.608519999999999;-58.373539999999998;171.10158999999999;0.0;0;0.59399999999999997;-6.1760000000000002;1;0.54700000000000004;0.43483809026085618;167.72900000000001;115.73699999999999;5;1.0
The Fray;Vienna;How To Save A Life;2002;0.85269966416101095;0.66134936428221558;39.740009999999998;-104.99226;231.07873000000001;0.42799999999999999;5;0.048000000000000001;-8.0960000000000001;0;0.29599999999999999;0.79840982495915369;219.25399999999999;124.53400000000001;3;1.0
Suicide;Do It Nice;The Second Album + The First Rehearsal Tapes;1999;0.71026916669791906;0.39490889693257647;40.714550000000003;-74.00712;323.94403999999997;0.57799999999999996;9;0.88200000000000001;-13753;1;0.67500000000000004;0.52549711888017003;318.62400000000002;130.82599999999999;5;1.0
Del Tha Funkee Homosapien;Mistadobalina;The Best Of Del Tha Funkee Homosapien [The Elektra Years]: The B-Boy Handbook;1991;0.73266031201760984;0.45843946823883241;37.805059999999997;-122.27302;257.69751000000002;0.30499999999999999;2;0.017000000000000001;-9.4949999999999992;1;0.35499999999999998;0.75897379427644729;244.84899999999999;99.566000000000003;4;0.88200000000000001
MC5;Miss X (LP Version);High Time;1971;0.65486082234304266;0.4514660603634324;42.251469999999998;-83.18186;307.72199999999998;0.13;0;0.35299999999999998;-8.3919999999999995;1;0.44;0.67569680728980508;298.96899999999999;75.706000000000003;4;0.68899999999999995
Arturo Sandoval;My Funny Valentine;Trumpet Evolution;2003;0.56146464641109217;0.42352758480916702;22.817509999999999;-82.760300000000001;266.60525999999999;4.7949999999999999;0;0.39700000000000002;-14818;0;0.61799999999999999;0.4719711717935417;258.67000000000002;61.018000000000001;1;0.27300000000000002
Maurane;Juste Une Petite Fille;Differente;1995;0.58048134794178996;0.41261081923196263;50.82056;4.37967;263.67955000000001;0.67000000000000004;10;0.16;-15.406000000000001;0;0.42099999999999999;0.3231121208952123;257.10899999999998;89.394000000000005;4;0.88700000000000001
Los Fabulosos Cadillacs;El Mensaje Soy Yo;El Satánico Dr. Cadillac;1989;0.77403714216149211;0.5217266477912379;-34.608519999999999;-58.373539999999998;171.10158999999999;0.0;0;0.59399999999999997;-6.1760000000000002;1;0.54700000000000004;0.43483809026085618;167.72900000000001;115.73699999999999;5;1.0
The Fray;Vienna;How To Save A Life;2002;0.85269966416101095;0.66134936428221558;39.740009999999998;-104.99226;231.07873000000001;0.42799999999999999;5;0.048000000000000001;-8.0960000000000001;0;0.29599999999999999;0.79840982495915369;219.25399999999999;124.53400000000001;3;1.0
Suicide;Do It Nice;The Second Album + The First Rehearsal Tapes;1999;0.71026916669791906;0.39490889693257647;40.714550000000003;-74.00712;323.94403999999997;0.57799999999999996;9;0.88200000000000001;-13753;1;0.67500000000000004;0.52549711888017003;318.62400000000002;130.82599999999999;5;1.0
Toots Thielemans;Le Temps Des Cerises;Chez Toots;1998;0.64117281762073985;0.43676906970906904;50.848379999999999;4.3496800000000002;109.16526;0.23499999999999999;7;0.91400000000000003;-19.736000000000001;1;0.77200000000000002;0.30416950343527516;98.081000000000003;63.334000000000003;5;0.90500000000000003
Tad;Stumblin' Man (Album);8-Way Santa;1991;0.59516658499007213;0.39890889772147858;47.603560000000002;-122.32944000000001;215.43137999999999;0.19500000000000001;2;0.66100000000000003;-12067;1;0.41699999999999998;0.74394372522334939;212.92699999999999;157.53200000000001;4;0.090999999999999998
James Last;Summer Rain;James Last And Friends;1998;0.60189197530279748;0.38065635952956267;53.075159999999997;8.8046600000000002;227.94404;3.9009999999999998;0;0.70799999999999996;-10.242000000000001;1;0.76100000000000001;0.23962909777363708;215.75399999999999;84.001000000000005;1;0.97899999999999998
Alice Cooper;This House Is Haunted;THE EYES OF;2003;0.83892431050711713;0.60779275146284117;42.331679999999999;-83.047920000000005;210.54649000000001;7.0069999999999997;1;0.17100000000000001;-12.26;0;0.23799999999999999;0.53510602489785686;196.54499999999999;130.32499999999999;1;0.33000000000000002
Ill Nino;All I Ask For (Album Version);One Nation Underground;2005;0.80955220954616325;0.58314702209116787;40.143230000000003;-74.726709999999997;219.81995000000001;0.11899999999999999;8;0.61499999999999999;-3.6699999999999999;1;0.61099999999999999;0.63864672289577606;211.59800000000001;91.010999999999996;4;0.83899999999999997
David Cook;I Did it for You;David Cook;2008;0.86209976657882559;0.53077208524142538;36.153979999999997;-95.992769999999993;229.45913999999999;2.3220000000000001;9;0.81100000000000005;-3.7999999999999998;1;0.78400000000000003;0.68957219851890084;217.64099999999999;82.281999999999996;4;0.68300000000000005
Pacha Massive;Just Want To See Ya;If You Want it;2009;0.59081877303874697;0.42094548603381338;40.714550000000003;-74.00712;241.68444;154;0;0.32800000000000001;-8.9480000000000004;0;0.35699999999999998;0.31968685906994848;222.66200000000001;140.02500000000001;4;0.57899999999999996
Faithless;Six;Insomnia - The Best Of;2004;0.81301308893488344;0.54853365453392144;51.506320000000002;-0.12714;142.52363;0.14299999999999999;5;0.35399999999999998;-10596;0;0.28699999999999998;0.63614553605790602;133.12;229.80799999999999;4;1.0
Hot Chip;Hold On;Made In The Dark;2008;0.85263893221877907;0.5357631577199824;51.506320000000002;-0.12714;381.17831999999999;0.0;7;0.45500000000000002;-6.3600000000000003;1;0.52800000000000002;0.69346424753542768;377.29500000000002;134.5;4;0.47699999999999998
Mudhoney;It Is Us;Live At El Sol;2006;0.67268059288353865;0.47638910882585617;47.603560000000002;-122.32944000000001;211.87872999999999;0.0;4;0.53500000000000003;-4.3090000000000002;0;0.67400000000000004;0.49783321457002905;207.77799999999999;152.45699999999999;4;0.14299999999999999
Every Time I Die;Depressionista;The Big Dirty;2007;0.84242331806690451;0.56485575047668202;42.885440000000003;-78.878460000000004;148.92363;78;9;0.48899999999999999;-4.9119999999999999;1;0.45600000000000002;0.63516459796117863;146.58799999999999;95.611000000000004;4;0.33500000000000002
Toots Thielemans;Le Temps Des Cerises;Chez Toots;1998;0.64117281762073985;0.43676906970906904;50.848379999999999;4.3496800000000002;109.16526;0.23499999999999999;7;0.91400000000000003;-19.736000000000001;1;0.77200000000000002;0.30416950343527516;98.081000000000003;63.334000000000003;5;0.90500000000000003
Tad;Stumblin' Man (Album);8-Way Santa;1991;0.59516658499007213;0.39890889772147858;47.603560000000002;-122.32944000000001;215.43137999999999;0.19500000000000001;2;0.66100000000000003;-12067;1;0.41699999999999998;0.74394372522334939;212.92699999999999;157.53200000000001;4;0.090999999999999998
James Last;Summer Rain;James Last And Friends;1998;0.60189197530279748;0.38065635952956267;53.075159999999997;8.8046600000000002;227.94404;3.9009999999999998;0;0.70799999999999996;-10.242000000000001;1;0.76100000000000001;0.23962909777363708;215.75399999999999;84.001000000000005;1;0.97899999999999998
Alice Cooper;This House Is Haunted;THE EYES OF;2003;0.83892431050711713;0.60779275146284117;42.331679999999999;-83.047920000000005;210.54649000000001;7.0069999999999997;1;0.17100000000000001;-12.26;0;0.23799999999999999;0.53510602489785686;196.54499999999999;130.32499999999999;1;0.33000000000000002
Ill Nino;All I Ask For (Album Version);One Nation Underground;2005;0.80955220954616325;0.58314702209116787;40.143230000000003;-74.726709999999997;219.81995000000001;0.11899999999999999;8;0.61499999999999999;-3.6699999999999999;1;0.61099999999999999;0.63864672289577606;211.59800000000001;91.010999999999996;4;0.83899999999999997
David Cook;I Did it for You;David Cook;2008;0.86209976657882559;0.53077208524142538;36.153979999999997;-95.992769999999993;229.45913999999999;2.3220000000000001;9;0.81100000000000005;-3.7999999999999998;1;0.78400000000000003;0.68957219851890084;217.64099999999999;82.281999999999996;4;0.68300000000000005
Pacha Massive;Just Want To See Ya;If You Want it;2009;0.59081877303874697;0.42094548603381338;40.714550000000003;-74.00712;241.68444;154;0;0.32800000000000001;-8.9480000000000004;0;0.35699999999999998;0.31968685906994848;222.66200000000001;140.02500000000001;4;0.57899999999999996
Faithless;Six;Insomnia - The Best Of;2004;0.81301308893488344;0.54853365453392144;51.506320000000002;-0.12714;142.52363;0.14299999999999999;5;0.35399999999999998;-10596;0;0.28699999999999998;0.63614553605790602;133.12;229.80799999999999;4;1.0
Hot Chip;Hold On;Made In The Dark;2008;0.85263893221877907;0.5357631577199824;51.506320000000002;-0.12714;381.17831999999999;0.0;7;0.45500000000000002;-6.3600000000000003;1;0.52800000000000002;0.69346424753542768;377.29500000000002;134.5;4;0.47699999999999998
Mudhoney;It Is Us;Live At El Sol;2006;0.67268059288353865;0.47638910882585617;47.603560000000002;-122.32944000000001;211.87872999999999;0.0;4;0.53500000000000003;-4.3090000000000002;0;0.67400000000000004;0.49783321457002905;207.77799999999999;152.45699999999999;4;0.14299999999999999
Every Time I Die;Depressionista;The Big Dirty;2007;0.84242331806690451;0.56485575047668202;42.885440000000003;-78.878460000000004;148.92363;78;9;0.48899999999999999;-4.9119999999999999;1;0.45600000000000002;0.63516459796117863;146.58799999999999;95.611000000000004;4;0.33500000000000002
Astarte;Oblivious Darkness;Quod Superius Sicut Inferius;2002;0.53708829701959737;0.35291918363152952;37.976149999999997;23.736409999999999;515.36933999999997;0.42699999999999999;4;0.59599999999999997;-4694;0;0.56599999999999995;0.4432913119053975;476.69999999999999;129.08799999999999;3;0.45300000000000001
Pursuit Of Happiness;Down On Him;Love Junk;1988;0.50867620103848166;0.37788813140317173;43.648560000000003;-79.385329999999996;151.01342;0.28599999999999998;7;0.087999999999999995;-10.132999999999999;1;0.46500000000000002;0.42744657148843085;142.64599999999999;131.96600000000001;4;0.56399999999999995
Patton Oswalt;A Brief History of Shitty Comedy;Feelin' Kinda Patton;2004;0.59279734626653147;0.45362971806863289;36.832639999999998;-76.297709999999995;121.96526;0.0;8;0.34499999999999997;-13.321999999999999;0;0.34100000000000003;0.50964096555180449;116.79600000000001;75.668999999999997;3;0.66500000000000004
Arsonists Get All The Girls;Violence in Fluid Triceratops;Portals;2009;0.725402920778495;0.45495739482022157;36.974020000000003;-122.03095;240.92688999999999;0.0;1;0.50600000000000001;-3.4239999999999999;1;0.48199999999999998;0.7314733570496581;237.85400000000001;129.82400000000001;3;0.59499999999999997
Crabby Appleton;Go Back;Rhino Hi-Five: Crabby Appleton;1970;0.41618408120524431;0.28568200699082735;37.167929999999998;-95.845020000000005;186.69668999999999;0.0;1;0.36099999999999999;-4.5940000000000003;1;0.46500000000000002;0.57010593005838783;182.05600000000001;89.090999999999994;1;0.058000000000000003
Astarte;Oblivious Darkness;Quod Superius Sicut Inferius;2002;0.53708829701959737;0.35291918363152952;37.976149999999997;23.736409999999999;515.36933999999997;0.42699999999999999;4;0.59599999999999997;-4694;0;0.56599999999999995;0.4432913119053975;476.69999999999999;129.08799999999999;3;0.45300000000000001
Pursuit Of Happiness;Down On Him;Love Junk;1988;0.50867620103848166;0.37788813140317173;43.648560000000003;-79.385329999999996;151.01342;0.28599999999999998;7;0.087999999999999995;-10.132999999999999;1;0.46500000000000002;0.42744657148843085;142.64599999999999;131.96600000000001;4;0.56399999999999995
Patton Oswalt;A Brief History of Shitty Comedy;Feelin' Kinda Patton;2004;0.59279734626653147;0.45362971806863289;36.832639999999998;-76.297709999999995;121.96526;0.0;8;0.34499999999999997;-13.321999999999999;0;0.34100000000000003;0.50964096555180449;116.79600000000001;75.668999999999997;3;0.66500000000000004
Arsonists Get All The Girls;Violence in Fluid Triceratops;Portals;2009;0.725402920778495;0.45495739482022157;36.974020000000003;-122.03095;240.92688999999999;0.0;1;0.50600000000000001;-3.4239999999999999;1;0.48199999999999998;0.7314733570496581;237.85400000000001;129.82400000000001;3;0.59499999999999997
Crabby Appleton;Go Back;Rhino Hi-Five: Crabby Appleton;1970;0.41618408120524431;0.28568200699082735;37.167929999999998;-95.845020000000005;186.69668999999999;0.0;1;0.36099999999999999;-4.5940000000000003;1;0.46500000000000002;0.57010593005838783;182.05600000000001;89.090999999999994;1;0.058000000000000003
Terry Callier;Satin Doll;I Just Can't Help Myself;2007;0.70682767130445823;0.4161730646266773;41.884149999999998;-87.632409999999993;258.19382999999999;2.7919999999999998;7;0.67500000000000004;-19933;1;0.64200000000000002;0.36037058271214062;252.36000000000001;92.927000000000007;3;1.0
The Tragically Hip;The Drop-Off;World Container;2006;0.75829970380962297;0.49362943781241375;44.231529999999999;-76.479330000000004;219.89832000000001;0.0;4;0.44700000000000001;-3.9260000000000002;1;0.45200000000000001;0.4715782477005801;210.68600000000001;165.22399999999999;3;0.85499999999999998
Joe Rogan;Tigers Fucking (Spoken Word) (Album Version);I'm Gonna Be Dead Someday;2000;0.51099304190631334;0.3792228610861676;40.731969999999997;-74.174180000000007;356.36200000000002;0.0;4;0.51800000000000002;-11926;1;0.51600000000000001;0.35528553642308941;351.52100000000002;83.989999999999995;3;0.42699999999999999
Otis Spann;Evil Ways;Spanning A Lifetime;1989;0.53446435222875965;0.36868937254805195;32.298690000000001;-90.180490000000006;233.63873000000001;0.51800000000000002;5;0.65500000000000003;-23.893000000000001;1;0.64600000000000002;0.68065563114105165;224.65299999999999;115.38;3;0.68899999999999995
Cece Winans;Life;Everlasting Love;1998;0.63777215941762477;0.54083255195242019;35.222499999999997;-80.837540000000004;248.99872999999999;0.20599999999999999;0;0.28199999999999997;-7181;0;0.56100000000000005;0.349166902124596;231.27699999999999;124.33199999999999;4;0.42799999999999999
Year Long Disaster;Stranger In My Room;"Black Magic; All Mysteries Revealed";2010;0.78041270983109001;0.3698038280455917;34.053489999999996;-118.24532000000001;222.04035999999999;0.13100000000000001;9;0.49299999999999999;-4.7759999999999998;1;0.39600000000000002;0.65024872443179493;217.02500000000001;166.02500000000001;4;0.79200000000000004
Nickelback;We Will Rock You;Photograph [Commercial Single];2005;0.84745171321799107;0.77996800459717797;49.260440000000003;-123.11403;119.7971;0.085000000000000006;11;0.35399999999999998;-5.5350000000000001;0;0.41199999999999998;0.62760860278071218;113.76600000000001;161.90899999999999;4;0.68500000000000005
Onesidezero;Awake (Album Version);Is This Room Getting Smaller?;2001;0.59664239604087244;0.33810400972284838;34.053489999999996;-118.24532000000001;228.80608000000001;2.4729999999999999;11;0.56799999999999995;-6.0359999999999996;0;0.51900000000000002;0.20639691576396524;228.80600000000001;86.843999999999994;4;1.0
The Fabulous Thunderbirds;Rainin' In My Heart;Powerful Stuff;1989;0.62315428397128714;0.42935351499935154;30.267600000000002;-97.742980000000003;221.23057;0.47299999999999998;4;0.68999999999999995;-14977;0;0.53400000000000003;0.21508031850922793;212.91;110.98;3;1.0
Terry Callier;Satin Doll;I Just Can't Help Myself;2007;0.70682767130445823;0.4161730646266773;41.884149999999998;-87.632409999999993;258.19382999999999;2.7919999999999998;7;0.67500000000000004;-19933;1;0.64200000000000002;0.36037058271214062;252.36000000000001;92.927000000000007;3;1.0
The Tragically Hip;The Drop-Off;World Container;2006;0.75829970380962297;0.49362943781241375;44.231529999999999;-76.479330000000004;219.89832000000001;0.0;4;0.44700000000000001;-3.9260000000000002;1;0.45200000000000001;0.4715782477005801;210.68600000000001;165.22399999999999;3;0.85499999999999998
Joe Rogan;Tigers Fucking (Spoken Word) (Album Version);I'm Gonna Be Dead Someday;2000;0.51099304190631334;0.3792228610861676;40.731969999999997;-74.174180000000007;356.36200000000002;0.0;4;0.51800000000000002;-11926;1;0.51600000000000001;0.35528553642308941;351.52100000000002;83.989999999999995;3;0.42699999999999999
Otis Spann;Evil Ways;Spanning A Lifetime;1989;0.53446435222875965;0.36868937254805195;32.298690000000001;-90.180490000000006;233.63873000000001;0.51800000000000002;5;0.65500000000000003;-23.893000000000001;1;0.64600000000000002;0.68065563114105165;224.65299999999999;115.38;3;0.68899999999999995
Cece Winans;Life;Everlasting Love;1998;0.63777215941762477;0.54083255195242019;35.222499999999997;-80.837540000000004;248.99872999999999;0.20599999999999999;0;0.28199999999999997;-7181;0;0.56100000000000005;0.349166902124596;231.27699999999999;124.33199999999999;4;0.42799999999999999
Year Long Disaster;Stranger In My Room;"Black Magic; All Mysteries Revealed";2010;0.78041270983109001;0.3698038280455917;34.053489999999996;-118.24532000000001;222.04035999999999;0.13100000000000001;9;0.49299999999999999;-4.7759999999999998;1;0.39600000000000002;0.65024872443179493;217.02500000000001;166.02500000000001;4;0.79200000000000004
Nickelback;We Will Rock You;Photograph [Commercial Single];2005;0.84745171321799107;0.77996800459717797;49.260440000000003;-123.11403;119.7971;0.085000000000000006;11;0.35399999999999998;-5.5350000000000001;0;0.41199999999999998;0.62760860278071218;113.76600000000001;161.90899999999999;4;0.68500000000000005
Onesidezero;Awake (Album Version);Is This Room Getting Smaller?;2001;0.59664239604087244;0.33810400972284838;34.053489999999996;-118.24532000000001;228.80608000000001;2.4729999999999999;11;0.56799999999999995;-6.0359999999999996;0;0.51900000000000002;0.20639691576396524;228.80600000000001;86.843999999999994;4;1.0
The Fabulous Thunderbirds;Rainin' In My Heart;Powerful Stuff;1989;0.62315428397128714;0.42935351499935154;30.267600000000002;-97.742980000000003;221.23057;0.47299999999999998;4;0.68999999999999995;-14977;0;0.53400000000000003;0.21508031850922793;212.91;110.98;3;1.0
Earl Hooker;Love Ain't A Play Thing;Two Bugs And A Roach;1968;0.54534835424122396;0.34900059039255926;34.194510000000001;-90.565100000000001;298.91872999999998;0.61799999999999999;2;0.58999999999999997;-14.476000000000001;1;0.79000000000000004;0.33470654906922059;290.17399999999998;94.099999999999994;3;0.89500000000000002
Irma Thomas;I'm Gonna Cry Til' My Tears Run Dry;Straight From The Soul;2004;0.62382376785182925;0.44110635914447111;30.438829999999999;-90.441159999999996;146.88607999999999;0.36299999999999999;5;0.34699999999999998;-10.220000000000001;0;0.62;0.40511572169138649;134.72800000000001;183.88200000000001;3;0.84399999999999997
Ron Goodwin;The Lull Before The Storm;Battle Of Britain;1999;0.44467787058254815;0.33301530172426508;50.375799999999998;-4.1368900000000002;99.970160000000007;0.36799999999999999;10;1;-16.332999999999998;1;0.065000000000000002;0.21204540548371908;99.969999999999999;71.227999999999994;1;0.69099999999999995
Doug MacLeod;The Sun Shine Down My Way;DUBB;2004;0.46741384376930201;0.37273761334003702;40.714550000000003;-74.00712;337.42322000000001;0.21099999999999999;2;1.0;-10516;1;0.98499999999999999;0.24816662402461448;323.81999999999999;85.560000000000002;3;1.0
Ray Pillow;We're Together Again;Country And Western - Volume 1;1998;0.26757632113344493;0.0;37.414020000000001;-79.142840000000007;129.12280999999999;0.36299999999999999;9;0.71599999999999997;-13404;1;0.64600000000000002;0.21204540548371908;119.73999999999999;98.015000000000001;4;0.083000000000000004
Earl Hooker;Love Ain't A Play Thing;Two Bugs And A Roach;1968;0.54534835424122396;0.34900059039255926;34.194510000000001;-90.565100000000001;298.91872999999998;0.61799999999999999;2;0.58999999999999997;-14.476000000000001;1;0.79000000000000004;0.33470654906922059;290.17399999999998;94.099999999999994;3;0.89500000000000002
Irma Thomas;I'm Gonna Cry Til' My Tears Run Dry;Straight From The Soul;2004;0.62382376785182925;0.44110635914447111;30.438829999999999;-90.441159999999996;146.88607999999999;0.36299999999999999;5;0.34699999999999998;-10.220000000000001;0;0.62;0.40511572169138649;134.72800000000001;183.88200000000001;3;0.84399999999999997
Ron Goodwin;The Lull Before The Storm;Battle Of Britain;1999;0.44467787058254815;0.33301530172426508;50.375799999999998;-4.1368900000000002;99.970160000000007;0.36799999999999999;10;1;-16.332999999999998;1;0.065000000000000002;0.21204540548371908;99.969999999999999;71.227999999999994;1;0.69099999999999995
Doug MacLeod;The Sun Shine Down My Way;DUBB;2004;0.46741384376930201;0.37273761334003702;40.714550000000003;-74.00712;337.42322000000001;0.21099999999999999;2;1.0;-10516;1;0.98499999999999999;0.24816662402461448;323.81999999999999;85.560000000000002;3;1.0
Ray Pillow;We're Together Again;Country And Western - Volume 1;1998;0.26757632113344493;0.0;37.414020000000001;-79.142840000000007;129.12280999999999;0.36299999999999999;9;0.71599999999999997;-13404;1;0.64600000000000002;0.21204540548371908;119.73999999999999;98.015000000000001;4;0.083000000000000004
OutKast;Call Of Da Wild;Southernplayalisticadillacmuzik;1994;0.79642004377324915;0.5744970259575144;33.748309999999996;-84.391109999999998;366.39301999999998;0.0;8;0.44400000000000001;-6.7880000000000003;0;0.48299999999999998;0.7574713866132109;362.16199999999998;177.66200000000001;4;0.67400000000000004
Ana Popovic;U Complete Me (Blues Version - Bonus Track);Still Making History;2007;0.62161692171841643;0.44845976790464892;44.811869999999999;20.46414;322.66404;189;7;0.39900000000000002;-7.7370000000000001;0;0.26400000000000001;0.40790171721807383;315.46600000000001;156.94800000000001;3;1.0
Basic Channel;Radiance I;Radiance;1994;0.55363708619639618;0.36020044786940469;52.516069999999999;13.37698;811.23220000000003;2.0259999999999998;11;0.041000000000000002;-17.879999999999999;1;0.38600000000000001;0.46736563132813813;795.26599999999996;71.415999999999997;5;0.94799999999999995
Jefferson Starship;Let me fly;Windows Of Heaven;1999;0.62812134002882869;0.41894687125111751;37.779159999999997;-122.42005;329.50812000000002;0.13500000000000001;2;0.16300000000000001;-9.8640000000000008;1;0.41899999999999998;0.27077599894632748;321.81700000000001;132.61099999999999;4;0.63800000000000001
Gary Moore;Nothing's The Same;Still Got The Blues/After Hours/Blues Alive;1992;0.76136223844586182;0.46711064858454943;54.595799999999997;-5.9349400000000001;304.95301999999998;0.20599999999999999;9;0.76200000000000001;-20.495999999999999;0;0.74099999999999999;0.53595380166566142;286.89999999999998;86.320999999999998;4;0.67400000000000004
OutKast;Call Of Da Wild;Southernplayalisticadillacmuzik;1994;0.79642004377324915;0.5744970259575144;33.748309999999996;-84.391109999999998;366.39301999999998;0.0;8;0.44400000000000001;-6.7880000000000003;0;0.48299999999999998;0.7574713866132109;362.16199999999998;177.66200000000001;4;0.67400000000000004
Ana Popovic;U Complete Me (Blues Version - Bonus Track);Still Making History;2007;0.62161692171841643;0.44845976790464892;44.811869999999999;20.46414;322.66404;189;7;0.39900000000000002;-7.7370000000000001;0;0.26400000000000001;0.40790171721807383;315.46600000000001;156.94800000000001;3;1.0
Basic Channel;Radiance I;Radiance;1994;0.55363708619639618;0.36020044786940469;52.516069999999999;13.37698;811.23220000000003;2.0259999999999998;11;0.041000000000000002;-17.879999999999999;1;0.38600000000000001;0.46736563132813813;795.26599999999996;71.415999999999997;5;0.94799999999999995
Jefferson Starship;Let me fly;Windows Of Heaven;1999;0.62812134002882869;0.41894687125111751;37.779159999999997;-122.42005;329.50812000000002;0.13500000000000001;2;0.16300000000000001;-9.8640000000000008;1;0.41899999999999998;0.27077599894632748;321.81700000000001;132.61099999999999;4;0.63800000000000001
Gary Moore;Nothing's The Same;Still Got The Blues/After Hours/Blues Alive;1992;0.76136223844586182;0.46711064858454943;54.595799999999997;-5.9349400000000001;304.95301999999998;0.20599999999999999;9;0.76200000000000001;-20.495999999999999;0;0.74099999999999999;0.53595380166566142;286.89999999999998;86.320999999999998;4;0.67400000000000004
Fran Perea;No me imagino;La Chica de la habitacion de al lado;2005;0.52533291366014279;0.38339432219425473;36.718319999999999;-4.4201600000000001;194.21995000000001;0.0;1;0.51100000000000001;-4556;0;0.39200000000000002;0.40797465153982487;185.40600000000001;180.03999999999999;4;0.36499999999999999
Fontella Bass;You've Lost That Lovin' Feelin';Very Best Of;1992;0.55891624402671292;0.39257987775536779;38.627740000000003;-90.199510000000004;204.35545999999999;0.33000000000000002;5;0.94699999999999995;-10269;1;0.72499999999999998;0.42744657148843085;200.35300000000001;101.46899999999999;4;0.52900000000000003
Martha Wainwright;Who Was I Kidding;Martha Wainwright;2005;0.70424476603767505;0.49756873428189957;40.714550000000003;-74.00712;251.16689;0.0;2;0.70499999999999996;-10512;1;0.70099999999999996;0.6362872244273321;237.65000000000001;153.39599999999999;3;0.93500000000000005
Ms. Dynamite;Unbreakable;Judgement Days;2005;0.58969460524674566;0.38386370432771433;51.506320000000002;-0.12714;208.5873;0.13100000000000001;2;1.0;-8.2260000000000009;1;0.59899999999999998;0.4733465411087876;199.09399999999999;109.28700000000001;1;0.61599999999999999
The Plasmatics;Summer Nite;Beyond The Valley Of 1984;1981;0.55787516842180329;0.35932472650426328;40.714550000000003;-74.00712;286.9024;4.8179999999999996;11;0.70099999999999996;-4907;1;0.51100000000000001;0.53603211170846798;276.61399999999998;119.38;4;0.70999999999999996
Martriden;Blank Eye Stare;Martriden;2006;0.54112263929224103;0.31961937561512488;48.552860000000003;-109.67097;355.94403999999997;0.0;0;0.59099999999999997;-4.7009999999999996;0;0.48399999999999999;0.46961928681004506;338.35000000000002;83.914000000000001;4;0.58299999999999996
THE CHIFFONS;Did You Ever Go Steady;The Chiffons Absolutetly The Best!;1963;0.59953650154458804;0.39834951712239913;40.857149999999997;-73.856780000000001;138762;183;9;0.59599999999999997;-6.8630000000000004;1;0.59399999999999997;0.39439485610058261;131506;122.93899999999999;4;0.91100000000000003
Raphaël;La Mémoire Des Jours;La Réalité;2003;0.55746021973934468;0.38615163141325493;46.71067;1.7181900000000001;255.65995000000001;2.2120000000000002;4;0.68000000000000005;-12.923999999999999;0;0.64200000000000002;0.30416950343527516;240.84899999999999;85.948999999999998;4;0.72399999999999998
Fran Perea;No me imagino;La Chica de la habitacion de al lado;2005;0.52533291366014279;0.38339432219425473;36.718319999999999;-4.4201600000000001;194.21995000000001;0.0;1;0.51100000000000001;-4556;0;0.39200000000000002;0.40797465153982487;185.40600000000001;180.03999999999999;4;0.36499999999999999
Fontella Bass;You've Lost That Lovin' Feelin';Very Best Of;1992;0.55891624402671292;0.39257987775536779;38.627740000000003;-90.199510000000004;204.35545999999999;0.33000000000000002;5;0.94699999999999995;-10269;1;0.72499999999999998;0.42744657148843085;200.35300000000001;101.46899999999999;4;0.52900000000000003
Martha Wainwright;Who Was I Kidding;Martha Wainwright;2005;0.70424476603767505;0.49756873428189957;40.714550000000003;-74.00712;251.16689;0.0;2;0.70499999999999996;-10512;1;0.70099999999999996;0.6362872244273321;237.65000000000001;153.39599999999999;3;0.93500000000000005
Ms. Dynamite;Unbreakable;Judgement Days;2005;0.58969460524674566;0.38386370432771433;51.506320000000002;-0.12714;208.5873;0.13100000000000001;2;1.0;-8.2260000000000009;1;0.59899999999999998;0.4733465411087876;199.09399999999999;109.28700000000001;1;0.61599999999999999
The Plasmatics;Summer Nite;Beyond The Valley Of 1984;1981;0.55787516842180329;0.35932472650426328;40.714550000000003;-74.00712;286.9024;4.8179999999999996;11;0.70099999999999996;-4907;1;0.51100000000000001;0.53603211170846798;276.61399999999998;119.38;4;0.70999999999999996
Martriden;Blank Eye Stare;Martriden;2006;0.54112263929224103;0.31961937561512488;48.552860000000003;-109.67097;355.94403999999997;0.0;0;0.59099999999999997;-4.7009999999999996;0;0.48399999999999999;0.46961928681004506;338.35000000000002;83.914000000000001;4;0.58299999999999996
THE CHIFFONS;Did You Ever Go Steady;The Chiffons Absolutetly The Best!;1963;0.59953650154458804;0.39834951712239913;40.857149999999997;-73.856780000000001;138762;183;9;0.59599999999999997;-6.8630000000000004;1;0.59399999999999997;0.39439485610058261;131506;122.93899999999999;4;0.91100000000000003
Raphaël;La Mémoire Des Jours;La Réalité;2003;0.55746021973934468;0.38615163141325493;46.71067;1.7181900000000001;255.65995000000001;2.2120000000000002;4;0.68000000000000005;-12.923999999999999;0;0.64200000000000002;0.30416950343527516;240.84899999999999;85.948999999999998;4;0.72399999999999998
Britt Nicole;Good Day;Say It;2007;0.66950012522080904;0.54444627690369096;35.666930000000001;-80.469350000000006;203.78076999999999;3.0529999999999999;1;0.64600000000000002;-3.0920000000000001;1;0.42999999999999999;0.52165925804846114;194.50800000000001;132.02099999999999;4;0.45800000000000002
Luiz Bonfa;Santeleco;Le Roi de la Bossa Nova;2005;0.54928290745850283;0.34754758052567469;-22.97673;-43.195079999999997;141.40036000000001;0.23999999999999999;2;0.34499999999999997;-15263;0;0.10299999999999999;0.3231121208952123;135.87200000000001;194.09899999999999;4;0.54800000000000004
Hatebreed;Boxed In (Subzero);For The Lions;2009;0.83275743131410507;0.54638374819815971;41.307110000000002;-72.924959999999999;179.17341999999999;0.34000000000000002;0;0.58799999999999997;-4.0110000000000001;1;0.66300000000000003;0.55377884606325367;170.97999999999999;136.02099999999999;4;0.57299999999999995
Converge;Dark Horse;Axe To Fall;2009;0.81050620522548178;0.53115706306152322;40.655070000000002;-73.948880000000003;174.75873000000001;0.14999999999999999;1;0.40300000000000002;-3.3730000000000002;1;0.47199999999999998;0.74896056973262026;167.53800000000001;156.92400000000001;4;0.72199999999999998
Skeeter Davis;My Last Date (With You);The Essential Skeeter Davis;1988;0.60383916969040019;0.39579127377388607;38.681930000000001;-84.594309999999993;153.49506;0.32800000000000001;0;0.61299999999999999;-10487;1;0.69499999999999995;0.54289874329108623;148.23599999999999;98.662999999999997;3;1.0
Gonzalo Rubalcaba;Infantil (Dedicated to John McLaughlin);Avatar;2008;0.53439229410017874;0.34517431863973785;23.116800000000001;-82.388589999999994;424.51546000000002;0.16;9;0.33200000000000002;-12205;1;0.30499999999999999;0.4454545254934259;410.63299999999998;187.40600000000001;4;0.14099999999999999
Kings Of Leon;Day Old Blues;Aha Shake Heartbreak;2004;0.84576886644854377;0.83771470858236419;36.16778;-86.778360000000006;212.97586999999999;0.35599999999999998;4;0.70199999999999996;-10831;1;0.59799999999999998;0.7247888139301647;202.82599999999999;85.855000000000004;4;0.42899999999999999
Bill Laswell;Digitaria;Final Oscillations;1996;0.67800883677889168;0.4040397337752738;38.626660000000001;-88.945610000000002;381.30892999999998;3.3959999999999999;2;0.032000000000000001;-9.2319999999999993;1;0.13500000000000001;0.38679017713901431;366.55000000000001;172.95500000000001;4;0.32500000000000001
Photek;Terminus;Solaris;2000;0.64542649928713347;0.4387791606450403;52.057769999999998;1.14378;326.92200000000003;5.0499999999999998;9;0.044999999999999998;-7.2720000000000002;1;0.26200000000000001;0.60147102677582986;315.61099999999999;104.98;4;0.74199999999999999
Ty Herndon;A Man Holdin' On (To A Woman Lettin' Go);Big Hopes;1998;0.65464497464584648;0.45077521781406699;32.365029999999997;-88.703069999999997;217.15546000000001;0.071999999999999995;2;0.34999999999999998;-8.8089999999999993;1;0.61399999999999999;0.69618322657442877;207.40100000000001;128.08699999999999;4;0.065000000000000002
Britt Nicole;Good Day;Say It;2007;0.66950012522080904;0.54444627690369096;35.666930000000001;-80.469350000000006;203.78076999999999;3.0529999999999999;1;0.64600000000000002;-3.0920000000000001;1;0.42999999999999999;0.52165925804846114;194.50800000000001;132.02099999999999;4;0.45800000000000002
Luiz Bonfa;Santeleco;Le Roi de la Bossa Nova;2005;0.54928290745850283;0.34754758052567469;-22.97673;-43.195079999999997;141.40036000000001;0.23999999999999999;2;0.34499999999999997;-15263;0;0.10299999999999999;0.3231121208952123;135.87200000000001;194.09899999999999;4;0.54800000000000004
Hatebreed;Boxed In (Subzero);For The Lions;2009;0.83275743131410507;0.54638374819815971;41.307110000000002;-72.924959999999999;179.17341999999999;0.34000000000000002;0;0.58799999999999997;-4.0110000000000001;1;0.66300000000000003;0.55377884606325367;170.97999999999999;136.02099999999999;4;0.57299999999999995
Converge;Dark Horse;Axe To Fall;2009;0.81050620522548178;0.53115706306152322;40.655070000000002;-73.948880000000003;174.75873000000001;0.14999999999999999;1;0.40300000000000002;-3.3730000000000002;1;0.47199999999999998;0.74896056973262026;167.53800000000001;156.92400000000001;4;0.72199999999999998
Skeeter Davis;My Last Date (With You);The Essential Skeeter Davis;1988;0.60383916969040019;0.39579127377388607;38.681930000000001;-84.594309999999993;153.49506;0.32800000000000001;0;0.61299999999999999;-10487;1;0.69499999999999995;0.54289874329108623;148.23599999999999;98.662999999999997;3;1.0
Gonzalo Rubalcaba;Infantil (Dedicated to John McLaughlin);Avatar;2008;0.53439229410017874;0.34517431863973785;23.116800000000001;-82.388589999999994;424.51546000000002;0.16;9;0.33200000000000002;-12205;1;0.30499999999999999;0.4454545254934259;410.63299999999998;187.40600000000001;4;0.14099999999999999
Kings Of Leon;Day Old Blues;Aha Shake Heartbreak;2004;0.84576886644854377;0.83771470858236419;36.16778;-86.778360000000006;212.97586999999999;0.35599999999999998;4;0.70199999999999996;-10831;1;0.59799999999999998;0.7247888139301647;202.82599999999999;85.855000000000004;4;0.42899999999999999
Bill Laswell;Digitaria;Final Oscillations;1996;0.67800883677889168;0.4040397337752738;38.626660000000001;-88.945610000000002;381.30892999999998;3.3959999999999999;2;0.032000000000000001;-9.2319999999999993;1;0.13500000000000001;0.38679017713901431;366.55000000000001;172.95500000000001;4;0.32500000000000001
Photek;Terminus;Solaris;2000;0.64542649928713347;0.4387791606450403;52.057769999999998;1.14378;326.92200000000003;5.0499999999999998;9;0.044999999999999998;-7.2720000000000002;1;0.26200000000000001;0.60147102677582986;315.61099999999999;104.98;4;0.74199999999999999
Ty Herndon;A Man Holdin' On (To A Woman Lettin' Go);Big Hopes;1998;0.65464497464584648;0.45077521781406699;32.365029999999997;-88.703069999999997;217.15546000000001;0.071999999999999995;2;0.34999999999999998;-8.8089999999999993;1;0.61399999999999999;0.69618322657442877;207.40100000000001;128.08699999999999;4;0.065000000000000002
Wesley Tuttle;With Tears In My Eyes;Fireball Mail - Country;1992;0.3004990465562955;0.11241786757300369;38.087670000000003;-102.61915999999999;175.22892999999999;151;2;0.72099999999999997;-15019;1;0.71499999999999997;0.26586104921065007;166.51599999999999;71.704999999999998;4;0.81499999999999995
Ricardo Lemvo;Yiri Yiri Bon;Shall We Salsa;1997;0.42484947501979919;0.2846889553082228;29.760449999999999;-95.369780000000006;292.12689;0.10199999999999999;5;0.68500000000000005;-8.4909999999999997;0;0.89400000000000002;0.46833383497402453;284.90899999999999;175.43000000000001;4;0.86399999999999999
Amil;Get Down;All Money Is Legal;2000;0.58329862999637194;0.3545743705085378;40.714550000000003;-74.00712;269.19137999999998;154;7;0.39700000000000002;-6875;1;0.41699999999999998;0.33470654906922059;258.94299999999998;90.894000000000005;4;0.72399999999999998
Tim Hughes;Dance;Happy Day;2007;0.6423553254367379;0.37034677312620534;49.384259999999998;-84.756270000000001;268.27710000000002;0.0;0;0.70099999999999996;-7.2050000000000001;1;0.27300000000000002;0.6998677427291583;268.27699999999999;145.96199999999999;4;1.0
Chango Spasiuk;Autores Anonimos;Polkas de mi Tierra;1998;0.46825091149750547;0.41084158724086123;-37.090699999999998;-63.584809999999997;36.205260000000003;0.20599999999999999;5;0.092999999999999999;-19.649999999999999;1;0.34300000000000003;0.24906579485370342;36.204999999999998;84.212000000000003;1;0.90400000000000003
Patti Smith;Lo and Beholden;Gung Ho;2000;0.73700127689201966;0.50496440598660697;41.884149999999998;-87.632409999999993;283.19301999999999;0.085000000000000006;2;0.096000000000000002;-8.3420000000000005;0;0.54400000000000004;0.68055401100926705;274.32100000000003;97.147000000000006;4;0.63200000000000001
Plasmatics;Sometimes I;New Hope For The Wretched;1979;0.55787516842180329;0.35932472650426328;40.714550000000003;-74.00712;230.66077000000001;0.36299999999999999;2;0.41299999999999998;-11.425000000000001;1;0.50900000000000001;0.4944895175021134;223.37;113.11;4;0.53900000000000003
Wesley Tuttle;With Tears In My Eyes;Fireball Mail - Country;1992;0.3004990465562955;0.11241786757300369;38.087670000000003;-102.61915999999999;175.22892999999999;151;2;0.72099999999999997;-15019;1;0.71499999999999997;0.26586104921065007;166.51599999999999;71.704999999999998;4;0.81499999999999995
Ricardo Lemvo;Yiri Yiri Bon;Shall We Salsa;1997;0.42484947501979919;0.2846889553082228;29.760449999999999;-95.369780000000006;292.12689;0.10199999999999999;5;0.68500000000000005;-8.4909999999999997;0;0.89400000000000002;0.46833383497402453;284.90899999999999;175.43000000000001;4;0.86399999999999999
Amil;Get Down;All Money Is Legal;2000;0.58329862999637194;0.3545743705085378;40.714550000000003;-74.00712;269.19137999999998;154;7;0.39700000000000002;-6875;1;0.41699999999999998;0.33470654906922059;258.94299999999998;90.894000000000005;4;0.72399999999999998
Tim Hughes;Dance;Happy Day;2007;0.6423553254367379;0.37034677312620534;49.384259999999998;-84.756270000000001;268.27710000000002;0.0;0;0.70099999999999996;-7.2050000000000001;1;0.27300000000000002;0.6998677427291583;268.27699999999999;145.96199999999999;4;1.0
Chango Spasiuk;Autores Anonimos;Polkas de mi Tierra;1998;0.46825091149750547;0.41084158724086123;-37.090699999999998;-63.584809999999997;36.205260000000003;0.20599999999999999;5;0.092999999999999999;-19.649999999999999;1;0.34300000000000003;0.24906579485370342;36.204999999999998;84.212000000000003;1;0.90400000000000003
Patti Smith;Lo and Beholden;Gung Ho;2000;0.73700127689201966;0.50496440598660697;41.884149999999998;-87.632409999999993;283.19301999999999;0.085000000000000006;2;0.096000000000000002;-8.3420000000000005;0;0.54400000000000004;0.68055401100926705;274.32100000000003;97.147000000000006;4;0.63200000000000001
Plasmatics;Sometimes I;New Hope For The Wretched;1979;0.55787516842180329;0.35932472650426328;40.714550000000003;-74.00712;230.66077000000001;0.36299999999999999;2;0.41299999999999998;-11.425000000000001;1;0.50900000000000001;0.4944895175021134;223.37;113.11;4;0.53900000000000003
Cece Winans;The Wind (Tears For You);Everlasting Love;1998;0.63777215941762477;0.54083255195242019;35.222499999999997;-80.837540000000004;288.91383000000002;0.0;11;0.20799999999999999;-8.9979999999999993;1;0.42899999999999999;0.38393468427870303;277.30399999999997;124.76600000000001;4;0.91800000000000004
Taking Back Sunday;Spin (Album Version);Louder Now;2006;0.91159965738128457;0.57237397989950289;40.852510000000002;-73.135850000000005;219.79383000000001;0.0;11;0.45600000000000002;-4.1639999999999997;1;0.45800000000000002;0.84930611980472803;208.70099999999999;95.254000000000005;4;0.26800000000000002
Rooney;Get Away;Calling The World;2007;0.77549450758806682;0.54260187021606043;34.053489999999996;-118.24532000000001;171.93751;0.0;11;0.41099999999999998;-3.3239999999999998;0;0.50600000000000001;0.5159636307203983;162.09299999999999;119.40600000000001;4;0.65000000000000002
Jean-Jacques Goldman;Comme Toi (Live);Intégrale 81-91;1991;0.61742140663970446;0.44925387694771113;48.856920000000002;2.3412099999999998;327.65341999999998;1.5009999999999999;2;0.86199999999999999;-14.457000000000001;0;0.76500000000000001;0.30416950343527516;316.84800000000001;120.70399999999999;4;0.79000000000000004
Moonspell;Sacred;Second Skin;1997;0.72257057351014664;0.49982631354010187;39.557920000000003;-7.8448099999999998;313.46893;2.8620000000000001;1;0.64800000000000002;-7.1449999999999996;0;0.60499999999999998;0.69314974005627106;301.95800000000003;120.06399999999999;4;0.95199999999999996
Los Van Van;Appapas Del Calabar;Llego... Van Van;1999;0.60441449216161247;0.40051795068862267;21.511019999999998;-77.806790000000007;268.04199999999997;0.0;7;0.40600000000000003;-5.8010000000000002;1;0.36299999999999999;0.39200877147130697;255.65199999999999;202.15299999999999;4;0.57799999999999996
Cece Winans;The Wind (Tears For You);Everlasting Love;1998;0.63777215941762477;0.54083255195242019;35.222499999999997;-80.837540000000004;288.91383000000002;0.0;11;0.20799999999999999;-8.9979999999999993;1;0.42899999999999999;0.38393468427870303;277.30399999999997;124.76600000000001;4;0.91800000000000004
Taking Back Sunday;Spin (Album Version);Louder Now;2006;0.91159965738128457;0.57237397989950289;40.852510000000002;-73.135850000000005;219.79383000000001;0.0;11;0.45600000000000002;-4.1639999999999997;1;0.45800000000000002;0.84930611980472803;208.70099999999999;95.254000000000005;4;0.26800000000000002
Rooney;Get Away;Calling The World;2007;0.77549450758806682;0.54260187021606043;34.053489999999996;-118.24532000000001;171.93751;0.0;11;0.41099999999999998;-3.3239999999999998;0;0.50600000000000001;0.5159636307203983;162.09299999999999;119.40600000000001;4;0.65000000000000002
Jean-Jacques Goldman;Comme Toi (Live);Intégrale 81-91;1991;0.61742140663970446;0.44925387694771113;48.856920000000002;2.3412099999999998;327.65341999999998;1.5009999999999999;2;0.86199999999999999;-14.457000000000001;0;0.76500000000000001;0.30416950343527516;316.84800000000001;120.70399999999999;4;0.79000000000000004
Moonspell;Sacred;Second Skin;1997;0.72257057351014664;0.49982631354010187;39.557920000000003;-7.8448099999999998;313.46893;2.8620000000000001;1;0.64800000000000002;-7.1449999999999996;0;0.60499999999999998;0.69314974005627106;301.95800000000003;120.06399999999999;4;0.95199999999999996
Los Van Van;Appapas Del Calabar;Llego... Van Van;1999;0.60441449216161247;0.40051795068862267;21.511019999999998;-77.806790000000007;268.04199999999997;0.0;7;0.40600000000000003;-5.8010000000000002;1;0.36299999999999999;0.39200877147130697;255.65199999999999;202.15299999999999;4;0.57799999999999996
Helen Love;Shifty Disco Girl;Radio Hits 3;2000;0.58188435889129331;0.34700692093040558;51.481259999999999;-3.1806700000000001;185.36444;0.0;8;0.98199999999999998;-7.5309999999999997;1;0.94999999999999996;0.40790171721807383;179.53100000000001;95.575000000000003;4;0.73099999999999998
Suzi Quatro;Kids Of Tragedy;A's_ B's And Rarities;2004;0.62736144708483221;0.40664264869909944;42.331679999999999;-83.047920000000005;207.88200000000001;0.48499999999999999;4;1.0;-11.380000000000001;1;0.78200000000000003;0.37598430150044215;198.36199999999999;124.51900000000001;4;1.0
Buddy Miles;Midnight Rider;Best Of Buddy Miles;1997;0.59634985432679843;0.41842959788461032;41.260689999999997;-95.939949999999996;218.3571;7.9470000000000001;7;0.39400000000000002;-9.9779999999999998;1;0.78100000000000003;0.27077599894632748;202.83199999999999;94.569999999999993;5;0.36199999999999999
Keb' Mo';Dangerous Mood;Martin Scorsese Presents The Blues: Keb' Mo';1996;0.63213091301509683;0.4722812106508984;34.053489999999996;-118.24532000000001;297.66485;0.0;0;0.68600000000000005;-9032;1;0.45800000000000002;0.66941309813844119;289.67500000000001;106.80200000000001;3;1.0
Helmet;Everybody Loves You;Size Matters;2004;0.77659896782954552;0.49007958418342873;40.714550000000003;-74.00712;206.94158999999999;0.072999999999999995;0;0.0050000000000000001;-3.5680000000000001;1;0.20300000000000001;0.54451400187885057;203.39500000000001;112.77;4;0.80600000000000005
The Berzerker;Humanity;The Berzerker;2000;0.66837061155186461;0.45755390983649336;-37.817529999999998;144.96715;105.45587;0.0;11;0.037999999999999999;-6952;0;0.38;0.50244962412453331;101.01300000000001;86.5;4;1.0
Jim Reeves;Rosa Rio;Moonlight and Roses/The Jim Reeves Way;2000;0.62425249933085869;0.46219010459077858;32.200490000000002;-94.358869999999996;175.01994999999999;0.16500000000000001;11;1.0;-11727;1;0.76100000000000001;0.30416950343527516;167.70599999999999;158.76300000000001;3;0.63400000000000001
Astarte;Thorns of Charon (Pt. 2) - Emerge from Hades;Doomed Dark Years;1998;0.53708829701959737;0.35291918363152952;37.976149999999997;23.736409999999999;419.97016000000002;0.72399999999999998;9;0.39500000000000002;-4.0119999999999996;0;0.29599999999999999;0.34580223396532944;407.60899999999998;156.15000000000001;4;0.71299999999999997
Alex Ubago;Temblando;Siempre en mi mente;2003;0.58147521929966894;0.29837703915689118;42.84751;-2.6797300000000002;201.09016;4.5049999999999999;9;0.67100000000000004;-8.2050000000000001;1;0.66000000000000003;0.4081108835105221;189.81700000000001;96.700000000000003;7;0.81000000000000005
Alicia Keys;Heartburn;Unplugged;2003;0.93391610637018529;0.77867357918421354;40.807899999999997;-73.945400000000006;183.43137999999999;0.0;1;0.47699999999999998;-9.7400000000000002;1;0.35399999999999998;0.6844729420229011;173.89400000000001;105.77500000000001;4;0.98599999999999999
Helen Love;Shifty Disco Girl;Radio Hits 3;2000;0.58188435889129331;0.34700692093040558;51.481259999999999;-3.1806700000000001;185.36444;0.0;8;0.98199999999999998;-7.5309999999999997;1;0.94999999999999996;0.40790171721807383;179.53100000000001;95.575000000000003;4;0.73099999999999998
Suzi Quatro;Kids Of Tragedy;A's_ B's And Rarities;2004;0.62736144708483221;0.40664264869909944;42.331679999999999;-83.047920000000005;207.88200000000001;0.48499999999999999;4;1.0;-11.380000000000001;1;0.78200000000000003;0.37598430150044215;198.36199999999999;124.51900000000001;4;1.0
Buddy Miles;Midnight Rider;Best Of Buddy Miles;1997;0.59634985432679843;0.41842959788461032;41.260689999999997;-95.939949999999996;218.3571;7.9470000000000001;7;0.39400000000000002;-9.9779999999999998;1;0.78100000000000003;0.27077599894632748;202.83199999999999;94.569999999999993;5;0.36199999999999999
Keb' Mo';Dangerous Mood;Martin Scorsese Presents The Blues: Keb' Mo';1996;0.63213091301509683;0.4722812106508984;34.053489999999996;-118.24532000000001;297.66485;0.0;0;0.68600000000000005;-9032;1;0.45800000000000002;0.66941309813844119;289.67500000000001;106.80200000000001;3;1.0
Helmet;Everybody Loves You;Size Matters;2004;0.77659896782954552;0.49007958418342873;40.714550000000003;-74.00712;206.94158999999999;0.072999999999999995;0;0.0050000000000000001;-3.5680000000000001;1;0.20300000000000001;0.54451400187885057;203.39500000000001;112.77;4;0.80600000000000005
The Berzerker;Humanity;The Berzerker;2000;0.66837061155186461;0.45755390983649336;-37.817529999999998;144.96715;105.45587;0.0;11;0.037999999999999999;-6952;0;0.38;0.50244962412453331;101.01300000000001;86.5;4;1.0
Jim Reeves;Rosa Rio;Moonlight and Roses/The Jim Reeves Way;2000;0.62425249933085869;0.46219010459077858;32.200490000000002;-94.358869999999996;175.01994999999999;0.16500000000000001;11;1.0;-11727;1;0.76100000000000001;0.30416950343527516;167.70599999999999;158.76300000000001;3;0.63400000000000001
Astarte;Thorns of Charon (Pt. 2) - Emerge from Hades;Doomed Dark Years;1998;0.53708829701959737;0.35291918363152952;37.976149999999997;23.736409999999999;419.97016000000002;0.72399999999999998;9;0.39500000000000002;-4.0119999999999996;0;0.29599999999999999;0.34580223396532944;407.60899999999998;156.15000000000001;4;0.71299999999999997
Alex Ubago;Temblando;Siempre en mi mente;2003;0.58147521929966894;0.29837703915689118;42.84751;-2.6797300000000002;201.09016;4.5049999999999999;9;0.67100000000000004;-8.2050000000000001;1;0.66000000000000003;0.4081108835105221;189.81700000000001;96.700000000000003;7;0.81000000000000005
Alicia Keys;Heartburn;Unplugged;2003;0.93391610637018529;0.77867357918421354;40.807899999999997;-73.945400000000006;183.43137999999999;0.0;1;0.47699999999999998;-9.7400000000000002;1;0.35399999999999998;0.6844729420229011;173.89400000000001;105.77500000000001;4;0.98599999999999999
Pursuit Of Happiness;She's So Young;Love Junk;1988;0.50867620103848166;0.37788813140317173;43.648560000000003;-79.385329999999996;216.39791;0.27000000000000002;7;0.25700000000000001;-10.81;1;0.40000000000000002;0.56545101217369831;206.39599999999999;133.31899999999999;4;0.81799999999999995
Becoming The Archetype;End Of The Age;Dichotomy;2008;0.6578262934725394;0.44617054317222404;33.748309999999996;-84.391109999999998;389.95546000000002;2.5830000000000002;2;0.39100000000000001;-4.7569999999999997;0;0.44900000000000001;0.69623019272670095;371.03199999999998;85.061000000000007;4;0.61599999999999999
Dynamite Deluxe;Zap Zap;Deluxe Soundsystem;2000;0.63340234220212832;0.41483494074327226;51.164180000000002;10.45415;86.673829999999995;0.39600000000000002;9;0.42399999999999999;-10182;0;0.27200000000000002;0.57784862060798947;81.611999999999995;93.298000000000002;3;0.69299999999999995
Pursuit Of Happiness;She's So Young;Love Junk;1988;0.50867620103848166;0.37788813140317173;43.648560000000003;-79.385329999999996;216.39791;0.27000000000000002;7;0.25700000000000001;-10.81;1;0.40000000000000002;0.56545101217369831;206.39599999999999;133.31899999999999;4;0.81799999999999995
Becoming The Archetype;End Of The Age;Dichotomy;2008;0.6578262934725394;0.44617054317222404;33.748309999999996;-84.391109999999998;389.95546000000002;2.5830000000000002;2;0.39100000000000001;-4.7569999999999997;0;0.44900000000000001;0.69623019272670095;371.03199999999998;85.061000000000007;4;0.61599999999999999
Dynamite Deluxe;Zap Zap;Deluxe Soundsystem;2000;0.63340234220212832;0.41483494074327226;51.164180000000002;10.45415;86.673829999999995;0.39600000000000002;9;0.42399999999999999;-10182;0;0.27200000000000002;0.57784862060798947;81.611999999999995;93.298000000000002;3;0.69299999999999995
David Arkenstone;Drifting;Chillout Lounge;2009;0.63943694882184121;0.43094204343555065;35.830730000000003;-85.978740000000002;272.74403999999998;0.26400000000000001;10;0.86099999999999999;-11.811999999999999;1;0.54900000000000004;0.27077599894632748;257.53800000000001;160.02799999999999;4;0.40400000000000003
The Clash;Inoculated City;London Calling / Combat Rock;1982;0.77579736270125599;0.60118605945538328;51.52328;-0.21346000000000001;130.63791000000001;0.085999999999999993;2;0.67400000000000004;-13.143000000000001;1;0.65900000000000003;0.7590683433012374;116.68600000000001;87.656999999999996;5;0.82599999999999996
Judas Iscariot;Babylon;The Cold Earth Slept Below;1995;0.54416199540578791;0.3706204016128975;41.929299999999998;-88.749300000000005;393.89994999999999;0.35699999999999998;2;0.049000000000000002;-7.7359999999999998;1;0.36699999999999999;0.56631258092636716;389.67099999999999;135.38999999999999;4;0.5
The Berzerker;Compromise;Dissimulate;2002;0.66837061155186461;0.45755390983649336;-37.817529999999998;144.96715;163.81342000000001;0.0;6;0.63200000000000001;-4.5629999999999997;0;0.72499999999999998;0.54413356945990909;163.81299999999999;227.25;4;0.095000000000000001
Lizzy Borden;Zanzibar;Deal With The Devil;2000;0.60981976115152114;0.41996793577089681;34.053489999999996;-118.24532000000001;386.66404;8.0519999999999996;8;0.63800000000000001;-4.1509999999999998;1;0.47399999999999998;0.48456252996792964;369.02300000000002;186.07499999999999;3;0.58299999999999996
Eliane Elias;All The Things You Are;Solos And Duets;1995;0.66972618756614455;0.42791424698295477;-23.56287;-46.65466;201.22076999999999;0.30299999999999999;5;0.24199999999999999;-28.25;0;0.36499999999999999;0.21508031850922793;186.02699999999999;176.13800000000001;3;0.73999999999999999
Shawn Colvin;Cry Like An Angel;Steady On;1989;0.68550283208737361;0.44673296759009207;42.786679999999997;-96.928030000000007;290.11545999999998;0.083000000000000004;0;0.66600000000000004;-12798;1;0.67000000000000004;0.4432913119053975;272.34100000000001;167.77199999999999;4;0.95799999999999996
David Arkenstone;Drifting;Chillout Lounge;2009;0.63943694882184121;0.43094204343555065;35.830730000000003;-85.978740000000002;272.74403999999998;0.26400000000000001;10;0.86099999999999999;-11.811999999999999;1;0.54900000000000004;0.27077599894632748;257.53800000000001;160.02799999999999;4;0.40400000000000003
The Clash;Inoculated City;London Calling / Combat Rock;1982;0.77579736270125599;0.60118605945538328;51.52328;-0.21346000000000001;130.63791000000001;0.085999999999999993;2;0.67400000000000004;-13.143000000000001;1;0.65900000000000003;0.7590683433012374;116.68600000000001;87.656999999999996;5;0.82599999999999996
Judas Iscariot;Babylon;The Cold Earth Slept Below;1995;0.54416199540578791;0.3706204016128975;41.929299999999998;-88.749300000000005;393.89994999999999;0.35699999999999998;2;0.049000000000000002;-7.7359999999999998;1;0.36699999999999999;0.56631258092636716;389.67099999999999;135.38999999999999;4;0.5
The Berzerker;Compromise;Dissimulate;2002;0.66837061155186461;0.45755390983649336;-37.817529999999998;144.96715;163.81342000000001;0.0;6;0.63200000000000001;-4.5629999999999997;0;0.72499999999999998;0.54413356945990909;163.81299999999999;227.25;4;0.095000000000000001
Lizzy Borden;Zanzibar;Deal With The Devil;2000;0.60981976115152114;0.41996793577089681;34.053489999999996;-118.24532000000001;386.66404;8.0519999999999996;8;0.63800000000000001;-4.1509999999999998;1;0.47399999999999998;0.48456252996792964;369.02300000000002;186.07499999999999;3;0.58299999999999996
Eliane Elias;All The Things You Are;Solos And Duets;1995;0.66972618756614455;0.42791424698295477;-23.56287;-46.65466;201.22076999999999;0.30299999999999999;5;0.24199999999999999;-28.25;0;0.36499999999999999;0.21508031850922793;186.02699999999999;176.13800000000001;3;0.73999999999999999
Shawn Colvin;Cry Like An Angel;Steady On;1989;0.68550283208737361;0.44673296759009207;42.786679999999997;-96.928030000000007;290.11545999999998;0.083000000000000004;0;0.66600000000000004;-12798;1;0.67000000000000004;0.4432913119053975;272.34100000000001;167.77199999999999;4;0.95799999999999996
MxPx;Grey Skies Turn Blue;Panic;2004;0.76301051343057202;0.53767562806367353;47.564999999999998;-122.62569000000001;183.97995;0.10299999999999999;11;0.47299999999999998;-3.8610000000000002;1;0.57699999999999996;0.64554302327485447;174.52699999999999;87.778999999999996;4;0.39600000000000002
Zumpano;Wraparound Shades (Album);Look What The Rookie Did;1995;0.50294230673504603;0.39635775416309527;49.260440000000003;-123.11403;228.46648999999999;0.34499999999999997;1;0.38300000000000001;-8.3940000000000001;0;0.56499999999999995;0.41693446369707027;220.97300000000001;159.78399999999999;1;0.63300000000000001
Albert Collins;Same Old Thing;Collins Mix;1993;0.6281025772725769;0.3956083503166371;31.155090000000001;-95.966530000000006;356.25751000000002;0.0;7;0.27000000000000002;-11.893000000000001;1;0.22700000000000001;0.42744657148843085;341.18799999999999;94.557000000000002;4;0.53600000000000003
The Starting Line;A Goodnight's Sleep;Say It Like You Mean It;2002;0.85631742719938087;0.5363511796557352;39.952269999999999;-75.162369999999996;264.41098;0.071999999999999995;9;0.073999999999999996;-5.0110000000000001;1;0.32800000000000001;0.65287839247639468;249.57400000000001;142.06899999999999;4;0.72299999999999998
Grizzly Bear;Little Brother;Yellow House;2006;0.76063611194309499;0.54724365961171395;40.655070000000002;-73.948880000000003;384.67872999999997;0.0;4;0.39400000000000002;-14199;0;0.40899999999999997;0.88253015163253012;373.84699999999998;169.03800000000001;4;0.46800000000000003
Otis Spann;No More Doggin';The Biggest Thing Since Colossus;1995;0.53446435222875965;0.36868937254805195;32.298690000000001;-90.180490000000006;180.40118000000001;3.6219999999999999;0;0.71499999999999997;-12.930999999999999;1;0.73599999999999999;0.42744657148843085;170.12700000000001;63.255000000000003;4;0.27000000000000002
The Chap;Volumatic Spacer Device;Lo Compilation Mix By Susumu Yokota;2003;0.61265782364278498;0.45761117399229501;51.506320000000002;-0.12714;207.28118000000001;0.0;6;0.42499999999999999;-8.3369999999999997;0;0.68100000000000005;0.40723301490110481;207.28100000000001;123.00700000000001;4;0.56599999999999995
MxPx;Grey Skies Turn Blue;Panic;2004;0.76301051343057202;0.53767562806367353;47.564999999999998;-122.62569000000001;183.97995;0.10299999999999999;11;0.47299999999999998;-3.8610000000000002;1;0.57699999999999996;0.64554302327485447;174.52699999999999;87.778999999999996;4;0.39600000000000002
Zumpano;Wraparound Shades (Album);Look What The Rookie Did;1995;0.50294230673504603;0.39635775416309527;49.260440000000003;-123.11403;228.46648999999999;0.34499999999999997;1;0.38300000000000001;-8.3940000000000001;0;0.56499999999999995;0.41693446369707027;220.97300000000001;159.78399999999999;1;0.63300000000000001
Albert Collins;Same Old Thing;Collins Mix;1993;0.6281025772725769;0.3956083503166371;31.155090000000001;-95.966530000000006;356.25751000000002;0.0;7;0.27000000000000002;-11.893000000000001;1;0.22700000000000001;0.42744657148843085;341.18799999999999;94.557000000000002;4;0.53600000000000003
The Starting Line;A Goodnight's Sleep;Say It Like You Mean It;2002;0.85631742719938087;0.5363511796557352;39.952269999999999;-75.162369999999996;264.41098;0.071999999999999995;9;0.073999999999999996;-5.0110000000000001;1;0.32800000000000001;0.65287839247639468;249.57400000000001;142.06899999999999;4;0.72299999999999998
Grizzly Bear;Little Brother;Yellow House;2006;0.76063611194309499;0.54724365961171395;40.655070000000002;-73.948880000000003;384.67872999999997;0.0;4;0.39400000000000002;-14199;0;0.40899999999999997;0.88253015163253012;373.84699999999998;169.03800000000001;4;0.46800000000000003
Otis Spann;No More Doggin';The Biggest Thing Since Colossus;1995;0.53446435222875965;0.36868937254805195;32.298690000000001;-90.180490000000006;180.40118000000001;3.6219999999999999;0;0.71499999999999997;-12.930999999999999;1;0.73599999999999999;0.42744657148843085;170.12700000000001;63.255000000000003;4;0.27000000000000002
The Chap;Volumatic Spacer Device;Lo Compilation Mix By Susumu Yokota;2003;0.61265782364278498;0.45761117399229501;51.506320000000002;-0.12714;207.28118000000001;0.0;6;0.42499999999999999;-8.3369999999999997;0;0.68100000000000005;0.40723301490110481;207.28100000000001;123.00700000000001;4;0.56599999999999995
Kooii;Here_ Swing_ Sing;Beads on a String;2005;0.42541729651948673;0.29962403768227036;-19.93272;145.77405999999999;391.00036;115;7;0.57799999999999996;-10775;1;0.57299999999999995;0.31956598688286503;382.40899999999999;112.93000000000001;4;0.71499999999999997
Irma Thomas;Hold Me While I Cry;The Story Of My Life;2001;0.62382376785182925;0.44110635914447111;30.438829999999999;-90.441159999999996;205.29587000000001;0.36899999999999999;10;0.57199999999999995;-14526;1;0.60599999999999998;0.33470654906922059;196.36000000000001;112.10899999999999;3;1.0
Loudon Wainwright III;Rowena;High Wide & Handsome - The Charlie Poole Project;2009;0.6610801676039384;0.44276584202895042;35.914630000000002;-79.056610000000006;152.13668999999999;0.17699999999999999;0;0.66900000000000004;-12464;1;0.69599999999999995;0.38702653189199399;146.13499999999999;151.29400000000001;1;0.74299999999999999
Death From Above 1979;Romantic Rights (Jesper Dahlback Remix);Romantic Rights;2004;0.73859449876795158;0.46707100634498944;-13442;-41.995199999999997;344.84199999999998;0.0;11;0.56899999999999995;-3879;0;0.55600000000000005;0.4541929882180224;334.65800000000002;91.879000000000005;4;1.0
The Strokes;Meet Me In The Bathroom;Room On Fire;2003;0.80704347985894953;0.59174473854591325;40.714550000000003;-74.00712;177.18812;129;7;0.67000000000000004;-3.9940000000000002;1;0.79000000000000004;0.74574338811796226;166.75999999999999;93.314999999999998;5;0.67300000000000004
David Bowie;Moss Garden (1999 Digital Remaster);Heroes;1977;0.86597000633136267;0.57492142333986374;51.506320000000002;-0.12714;305.05750999999998;0.0;1;0.93999999999999995;-16599;1;0.63;0.26250935133318859;300.88400000000001;221.65799999999999;4;0.63900000000000001
Johannes Linstead;Caja De Cerillas;Kiss The Earth;2000;0.57961455969138753;0.41841809650917389;43.648560000000003;-79.385329999999996;298.10892999999999;0.089999999999999997;9;0.48699999999999999;-8577;0;0.44900000000000001;0.49080848763126594;281.46600000000001;179.97800000000001;4;0.56899999999999995
Outerspace;Fire and Ice;Blood And Ashes;2004;0.61193395641307069;0.37235086959736358;39.952269999999999;-75.162369999999996;242.78158999999999;221;7;0.29599999999999999;-4.9740000000000002;1;0.56000000000000005;0.40148671142756037;232.71600000000001;96.715999999999994;4;1.0
Brian Littrell;Wish;Welcome Home;2006;0.68250800976052173;0.42563247953506239;38.048589999999997;-84.500320000000002;236.45994999999999;0.19500000000000001;7;0.67100000000000004;-6.2880000000000003;1;0.77900000000000003;0.52407932284571246;221.24600000000001;98.936999999999998;4;0.77500000000000002
Oceansize;New Pin (edit);New Pin;2005;0.67701669621477789;0.4900344606385803;53.479599999999998;-2.2488100000000002;249.93914000000001;1.0069999999999999;2;0.35499999999999998;-8.0800000000000001;1;0.41099999999999998;0.63887787554709052;232.34999999999999;118.04900000000001;4;0.75900000000000001
Gang Of Four;Is It Love;A Brief History Of The 20th Century;1983;0.68384500660833036;0.45478537949601694;53.794490000000003;-1.5465800000000001;273.99790999999999;0.40200000000000002;1;0.51000000000000001;-17.763000000000002;1;0.52200000000000002;0.49239835281772087;260.38299999999998;117.0;4;0.78300000000000003
Kooii;Here_ Swing_ Sing;Beads on a String;2005;0.42541729651948673;0.29962403768227036;-19.93272;145.77405999999999;391.00036;115;7;0.57799999999999996;-10775;1;0.57299999999999995;0.31956598688286503;382.40899999999999;112.93000000000001;4;0.71499999999999997
Irma Thomas;Hold Me While I Cry;The Story Of My Life;2001;0.62382376785182925;0.44110635914447111;30.438829999999999;-90.441159999999996;205.29587000000001;0.36899999999999999;10;0.57199999999999995;-14526;1;0.60599999999999998;0.33470654906922059;196.36000000000001;112.10899999999999;3;1.0
Loudon Wainwright III;Rowena;High Wide & Handsome - The Charlie Poole Project;2009;0.6610801676039384;0.44276584202895042;35.914630000000002;-79.056610000000006;152.13668999999999;0.17699999999999999;0;0.66900000000000004;-12464;1;0.69599999999999995;0.38702653189199399;146.13499999999999;151.29400000000001;1;0.74299999999999999
Death From Above 1979;Romantic Rights (Jesper Dahlback Remix);Romantic Rights;2004;0.73859449876795158;0.46707100634498944;-13442;-41.995199999999997;344.84199999999998;0.0;11;0.56899999999999995;-3879;0;0.55600000000000005;0.4541929882180224;334.65800000000002;91.879000000000005;4;1.0
The Strokes;Meet Me In The Bathroom;Room On Fire;2003;0.80704347985894953;0.59174473854591325;40.714550000000003;-74.00712;177.18812;129;7;0.67000000000000004;-3.9940000000000002;1;0.79000000000000004;0.74574338811796226;166.75999999999999;93.314999999999998;5;0.67300000000000004
David Bowie;Moss Garden (1999 Digital Remaster);Heroes;1977;0.86597000633136267;0.57492142333986374;51.506320000000002;-0.12714;305.05750999999998;0.0;1;0.93999999999999995;-16599;1;0.63;0.26250935133318859;300.88400000000001;221.65799999999999;4;0.63900000000000001
Johannes Linstead;Caja De Cerillas;Kiss The Earth;2000;0.57961455969138753;0.41841809650917389;43.648560000000003;-79.385329999999996;298.10892999999999;0.089999999999999997;9;0.48699999999999999;-8577;0;0.44900000000000001;0.49080848763126594;281.46600000000001;179.97800000000001;4;0.56899999999999995
Outerspace;Fire and Ice;Blood And Ashes;2004;0.61193395641307069;0.37235086959736358;39.952269999999999;-75.162369999999996;242.78158999999999;221;7;0.29599999999999999;-4.9740000000000002;1;0.56000000000000005;0.40148671142756037;232.71600000000001;96.715999999999994;4;1.0
Brian Littrell;Wish;Welcome Home;2006;0.68250800976052173;0.42563247953506239;38.048589999999997;-84.500320000000002;236.45994999999999;0.19500000000000001;7;0.67100000000000004;-6.2880000000000003;1;0.77900000000000003;0.52407932284571246;221.24600000000001;98.936999999999998;4;0.77500000000000002
Oceansize;New Pin (edit);New Pin;2005;0.67701669621477789;0.4900344606385803;53.479599999999998;-2.2488100000000002;249.93914000000001;1.0069999999999999;2;0.35499999999999998;-8.0800000000000001;1;0.41099999999999998;0.63887787554709052;232.34999999999999;118.04900000000001;4;0.75900000000000001
Gang Of Four;Is It Love;A Brief History Of The 20th Century;1983;0.68384500660833036;0.45478537949601694;53.794490000000003;-1.5465800000000001;273.99790999999999;0.40200000000000002;1;0.51000000000000001;-17.763000000000002;1;0.52200000000000002;0.49239835281772087;260.38299999999998;117.0;4;0.78300000000000003
Robin Fox;Wonderland;I See Stars - The Trance Album;2001;0.47192905169145855;0.29051322662425094;27.9758;-81.541060000000002;515.65669000000003;0.0;7;0.72999999999999998;-7.7850000000000001;1;0.73699999999999999;0.20655078956115766;509.10300000000001;140.02099999999999;3;0.17399999999999999
Dub Pistols feat. TK;Revitalise;Rum & Coke;2009;0.68761966623458892;0.41706891249515199;51.506320000000002;-0.12714;264.82893000000001;0.71199999999999997;10;0.63100000000000001;-5.6029999999999998;0;0.56899999999999995;0.52482225819051131;252.30799999999999;100.01900000000001;4;0.47999999999999998
Terror Squad / Remy / Prospect / Armageddon;Hum Drum;True Story;2004;0.62136191024663079;0.39507381874006531;40.857149999999997;-73.856780000000001;251.89832000000001;0.14399999999999999;11;0.041000000000000002;-5.5110000000000001;0;0.33400000000000002;0.4733465411087876;237.63900000000001;181.30000000000001;7;1.0
Between The Buried And Me;Kickstart My Heart (Album Version);The Anatomy Of;2006;0.8405904383361571;0.54654516195544156;35.222499999999997;-80.837540000000004;295.28771;0.47899999999999998;4;0.77200000000000002;-5.4930000000000003;0;0.61699999999999999;0.7692014288021497;290.31299999999999;89.484999999999999;4;0.80100000000000005
Robin Fox;Wonderland;I See Stars - The Trance Album;2001;0.47192905169145855;0.29051322662425094;27.9758;-81.541060000000002;515.65669000000003;0.0;7;0.72999999999999998;-7.7850000000000001;1;0.73699999999999999;0.20655078956115766;509.10300000000001;140.02099999999999;3;0.17399999999999999
Dub Pistols feat. TK;Revitalise;Rum & Coke;2009;0.68761966623458892;0.41706891249515199;51.506320000000002;-0.12714;264.82893000000001;0.71199999999999997;10;0.63100000000000001;-5.6029999999999998;0;0.56899999999999995;0.52482225819051131;252.30799999999999;100.01900000000001;4;0.47999999999999998
Terror Squad / Remy / Prospect / Armageddon;Hum Drum;True Story;2004;0.62136191024663079;0.39507381874006531;40.857149999999997;-73.856780000000001;251.89832000000001;0.14399999999999999;11;0.041000000000000002;-5.5110000000000001;0;0.33400000000000002;0.4733465411087876;237.63900000000001;181.30000000000001;7;1.0
Between The Buried And Me;Kickstart My Heart (Album Version);The Anatomy Of;2006;0.8405904383361571;0.54654516195544156;35.222499999999997;-80.837540000000004;295.28771;0.47899999999999998;4;0.77200000000000002;-5.4930000000000003;0;0.61699999999999999;0.7692014288021497;290.31299999999999;89.484999999999999;4;0.80100000000000005
Basic Channel;Q1.1 Edit;BCD;1995;0.55363708619639618;0.36020044786940469;52.516069999999999;13.37698;62.928530000000002;0.27000000000000002;10;0.71199999999999997;-23.562999999999999;0;0.68100000000000005;0.49975232798855324;54.161000000000001;160.54599999999999;5;1.0
Sue Foley;She Don't Belong To You;Ten Days In November;1998;0.57822352359777041;0.40220310151136207;45.421500000000002;-75.691890000000001;224.65261000000001;0.40600000000000003;7;0.56000000000000005;-6.2779999999999996;1;0.67900000000000005;0.33470654906922059;214.43000000000001;105.20999999999999;4;1.0

